Id,ApiGameId,SystemId,Title,Genre,CoverURL,Upc
1  ,12168,NES,10-Yard Fight,Football,https://github.com/ramiabraham/cover-art-collection/blob/master/nes/10%20yard%20fight.jpg?raw=true,
2  ,37965,NES,10-Yard Fight [5 Screw],Football,https://github.com/ramiabraham/cover-art-collection/blob/master/nes/10%20Yard%20Fight.jpg?raw=true,
3  ,12169,NES,1942,Other,https://github.com/ramiabraham/cover-art-collection/blob/master/nes/1942.jpg?raw=true,
4  ,37996,NES,1942 [5 Screw],Other,https://github.com/ramiabraham/cover-art-collection/blob/master/nes/1942.jpg?raw=true,
5  ,12170,NES,1943: The Battle of Midway,Other,https://github.com/ramiabraham/cover-art-collection/blob/master/nes/1943%20The%20Battle%20Of%20Midway.jpg?raw=true,
6  ,8445,NES,3D WorldRunner,Action & Adventure,https://upload.wikimedia.org/wikipedia/en/6/6a/NES3dworldrunnerbox_mod.png,
7  ,38021,NES,3D WorldRunner [5 Screw],Action & Adventure,https://upload.wikimedia.org/wikipedia/en/6/6a/NES3dworldrunnerbox_mod.png,
8  ,12171,NES,720,Sports,https://github.com/ramiabraham/cover-art-collection/blob/master/nes/720.jpg?raw=true,
9  ,12172,NES,8 Eyes,Action & Adventure,https://www.mobygames.com/images/covers/l/33004-8-eyes-nes-front-cover.jpg,
10 ,12173,NES,A Boy and His Blob Trouble on Blobolonia,Action & Adventure,https://github.com/ramiabraham/cover-art-collection/blob/master/nes/A%20Boy%20and%20His%20Blob.jpg?raw=true,
11 ,12174,NES,A Nightmare on Elm Street,Action & Adventure,https://upload.wikimedia.org/wikipedia/en/3/30/A_Nightmare_on_Elm_Street_NES_box_art.jpg,
12 ,8451,NES,Abadox,Action & Adventure,https://github.com/ramiabraham/cover-art-collection/blob/master/nes/Abadox.jpg?raw=true,
13 ,8453,NES,Action 52,Action & Adventure,https://image.gamevaluenow.com/nes/action_52.jpg,
14 ,8455,NES,Addams Family,Action & Adventure,https://www.mobygames.com/images/covers/l/107779-the-addams-family-nes-front-cover.jpg,
15 ,8456,NES,Addams Family Pugsley's Scavenger Hunt,Action & Adventure,https://www.mobygames.com/images/covers/l/246769-the-addams-family-pugsley-s-scavenger-hunt-nes-front-cover.jpg,
16 ,8458,NES,Advanced Dungeons & Dragons Dragon Strike,Strategy,https://52f4e29a8321344e30ae-0f55c9129972ac85d6b1f4e703468e6b.ssl.cf2.rackcdn.com/products/pictures/181680.jpg,
18 ,8460,NES,Advanced Dungeons & Dragons Hillsfar,Strategy,https://raw.githubusercontent.com/ramiabraham/cover-art-collection/master/nes/Advanced%20Dungeons%20and%20Dragons%20Hillsfar.jpg,
17 ,8459,NES,Advanced Dungeons & Dragons Heroes of the Lance,Strategy,https://upload.wikimedia.org/wikipedia/en/8/8f/Advanced_Dungeons_%26_Dragons_Heroes_of_the_Lance_Cover.png,
19 ,8462,NES,Advanced Dungeons & Dragons Pool of Radiance,Strategy,http://img1.game-oldies.com/sites/default/files/packshots/nintendo-nes/advanced-dungeons-dragons-pool-of-radiance-usa.png,
20 ,8464,NES,Adventure Island,Action & Adventure,https://raw.githubusercontent.com/ramiabraham/cover-art-collection/master/nes/Adventure%20Island.jpg,
21 ,12176,NES,Adventure Island 3,Action & Adventure,https://raw.githubusercontent.com/ramiabraham/cover-art-collection/master/nes/Adventure%20Island%203.jpg,
22 ,8465,NES,Adventure Island II,Action & Adventure,https://raw.githubusercontent.com/ramiabraham/cover-art-collection/master/nes/Adventure%20Island%202.jpg,
23 ,8466,NES,Adventures in the Magic Kingdom,Action & Adventure,https://upload.wikimedia.org/wikipedia/en/c/ce/Adventures_in_the_Magic_Kingdom.png,
24 ,8468,NES,Adventures of Bayou Billy,Action & Adventure,https://upload.wikimedia.org/wikipedia/en/2/23/Bayou_Billy_box.jpg,
25 ,12119,NES,Adventures of Captain Comic,Action & Adventure,https://upload.wikimedia.org/wikipedia/en/9/99/CaptainComicBoxart.jpg,
26 ,12175,NES,Adventures of Dino Riki,Action & Adventure,https://upload.wikimedia.org/wikipedia/en/e/ea/AdventuresofDinoRiki.jpg,
27 ,11979,NES,Adventures of Lolo,Action & Adventure,https://upload.wikimedia.org/wikipedia/en/9/9b/BoxArtLolo1%28US%29.jpg,
28 ,11980,NES,Adventures of Lolo 2,Action & Adventure,https://upload.wikimedia.org/wikipedia/en/9/9e/Adventures_of_Lolo_2_Cover.png,
29 ,8469,NES,Adventures of Lolo 3,Puzzle,https://upload.wikimedia.org/wikipedia/en/c/c7/BoxArtLolo3%28US%29.jpg,
30 ,12377,NES,Adventures of Rad Gravity,Action & Adventure,https://upload.wikimedia.org/wikipedia/en/4/49/Radbox3.jpg,
31 ,8472,NES,Adventures of Tom Sawyer,Action & Adventure,https://upload.wikimedia.org/wikipedia/en/c/cf/NES_Adventures_of_Tom_Sawyer_Box.JPG,
32 ,12177,NES,After Burner,Other,https://server.emulator.games/images/nintendo/after-burner.jpg,
33 ,8488,NES,Air Fortress,Other,https://upload.wikimedia.org/wikipedia/en/2/2e/Air_Fortress_Cover.png,
34 ,12178,NES,Airwolf,Action & Adventure,https://upload.wikimedia.org/wikipedia/en/0/02/NesAirwolf.jpg,
35 ,8491,NES,Al Unser Turbo Racing,Racing,https://upload.wikimedia.org/wikipedia/en/c/c4/Al_Unser_Jr.%27s_Turbo_Racing_Coverart.png,
36 ,39509,NES,Aladdin Deck Enhancer,Accessories,https://thumbs.worthpoint.com/zoom/images2/1/0311/13/aladdin-deck-enhancer-sealed-nintendo_1_628ed7d576f3a7f0e6e7142fbb062180.jpg,
37 ,8493,NES,Alfred Chicken,Action & Adventure,https://upload.wikimedia.org/wikipedia/en/b/b9/Alfred_Chicken_cover.jpg,
38 ,8495,NES,Alien 3,Action & Adventure,https://vignette.wikia.nocookie.net/avp/images/2/28/Alien3_NES.jpg/revision/latest?cb=20160414151617,
39 ,12179,NES,Alien Syndrome,Action & Adventure,https://now.estarland.com/images/products/hr/13153/031763101123.jpg,
40 ,12180,NES,All-Pro Basketball,Basketball,https://upload.wikimedia.org/wikipedia/en/0/09/All-Pro_Basketball_Cover.png,
41 ,12181,NES,Alpha Mission,Action & Adventure,https://www.mobygames.com/images/covers/l/310359-alpha-mission-nes-front-cover.jpg,
42 ,38035,NES,Alpha Mission [5 Screw],Action & Adventure,https://www.mobygames.com/images/covers/l/310359-alpha-mission-nes-front-cover.jpg,
43 ,12183,NES,Amagon,Action & Adventure,https://upload.wikimedia.org/wikipedia/en/c/c7/Amagon_Cover.png,
44 ,8507,NES,American Gladiators,Sports,https://upload.wikimedia.org/wikipedia/en/2/24/American_Gladiators_Coverart.png,
45 ,12184,NES,Anticipation,Action & Adventure,https://upload.wikimedia.org/wikipedia/en/8/85/Anticipation_nes.jpg,
46 ,12185,NES,Arch Rivals,Basketball,https://upload.wikimedia.org/wikipedia/en/0/0d/Archrival_box.jpg,
47 ,12186,NES,Archon,Action & Adventure,http://vgmpf.com/Wiki/images/thumb/8/85/Archon_-_NES_-_Box_-_Front.jpg/416px-Archon_-_NES_-_Box_-_Front.jpg,
48 ,8527,NES,Arkanoid,Arcade,https://cdn.thegamesdb.net/images/original/boxart/front/2153-1.jpg,
49 ,38015,NES,Arkanoid [5 Screw],Action & Adventure,https://cdn.thegamesdb.net/images/original/boxart/front/2153-1.jpg,
50 ,37957,NES,Arkanoid [Controller Bundle],Arcade,https://cdn.shopify.com/s/files/1/0363/6845/products/fee49b078ce79f43e671c837d5fc9f7a.jpg?v=1534687228,
51 ,16264,NES,Arkista's Ring,Action & Adventure,https://upload.wikimedia.org/wikipedia/en/4/47/NES_Arkistas_Ring.jpg,
52 ,8538,NES,Astyanax,Action & Adventure,https://www.mobygames.com/images/covers/l/78034-astyanax-nes-front-cover.jpg,
53 ,12187,NES,Athena,Action & Adventure,https://www.mobygames.com/images/covers/l/93958-athena-nes-front-cover.jpg,
54 ,38016,NES,Athena [5 Screw],Action & Adventure,https://www.mobygames.com/images/covers/l/93958-athena-nes-front-cover.jpg,
55 ,12188,NES,Athletic World,Sports,https://now.estarland.com/images/products/hr/13167/045557077006.jpg,
56 ,38009,NES,Athletic World [5 Screw],Sports,https://now.estarland.com/images/products/hr/13167/045557077006.jpg,
57 ,8541,NES,Attack of the Killer Tomatoes,Action & Adventure,https://upload.wikimedia.org/wikipedia/en/3/3d/Attack_of_the_Killer_Tomatoes_%281991%29_Coverart.png,
58 ,12189,NES,Baby Boomer,Action & Adventure,https://upload.wikimedia.org/wikipedia/en/e/ea/Babyboomer.jpg,
59 ,12190,NES,Back to the Future,Action & Adventure,https://upload.wikimedia.org/wikipedia/en/a/af/BackToTheFutureNESBoxart.jpg,
60 ,12191,NES,Back to the Future II and III,Action & Adventure,https://vignette.wikia.nocookie.net/bttf/images/1/15/BTTFIIandIII.jpg/revision/latest?cb=20070201220246,
61 ,12192,NES,Bad Dudes,Action & Adventure,https://www.mobygames.com/images/covers/l/94792-bad-dudes-nes-front-cover.jpg,
62 ,12193,NES,Bad News Baseball,Baseball,https://upload.wikimedia.org/wikipedia/en/6/65/Bad_News_Baseball_Coverart.png,
63 ,12194,NES,Bad Street Brawler,Fighting,https://upload.wikimedia.org/wikipedia/en/e/e9/Bad_Street_Brawler_cover.png,
64 ,11981,NES,Balloon Fight,Action & Adventure,https://upload.wikimedia.org/wikipedia/en/a/a8/BalloonFightnesboxart.jpg,
65 ,37983,NES,Balloon Fight [5 Screw],Action & Adventure,https://upload.wikimedia.org/wikipedia/en/a/a8/BalloonFightnesboxart.jpg,
66 ,12195,NES,Bandai Golf Challenge Pebble Beach,Sports,https://upload.wikimedia.org/wikipedia/en/2/2f/Bandai_Golf_-_Challenge_Pebble_Beach_game_cover_art.jpg,
67 ,13109,NES,Bandit Kings of Ancient China,Strategy,https://www.mobygames.com/images/covers/l/11191-bandit-kings-of-ancient-china-dos-front-cover.jpg,
68 ,8554,NES,Barbie,Action & Adventure,https://upload.wikimedia.org/wikipedia/en/7/78/Barbie_NES_box_art.jpg,
69 ,8559,NES,Bard's Tale,RPG,http://img1.game-oldies.com/sites/default/files/packshots/nintendo-nes/bard-s-tale-the-usa.png,
70 ,8560,NES,Barker Bill's Trick Shooting,Other,https://upload.wikimedia.org/wikipedia/en/1/13/BB_TS_NES.PNG,
71 ,11982,NES,Baseball,Baseball,https://upload.wikimedia.org/wikipedia/en/6/64/Baseball_NES_box_art.jpg,
72 ,13843,NES,Baseball Simulator 1.000,Baseball,https://upload.wikimedia.org/wikipedia/en/7/7c/BaseballSimulatorNESBoxart.jpg,
73 ,12198,NES,Baseball Stars,Baseball,https://upload.wikimedia.org/wikipedia/en/2/28/BaseballStarsNESCover.jpg,
74 ,8562,NES,Baseball Stars 2,Baseball,https://server.emulator.games/images/nintendo/baseball-stars-2.jpg,
75 ,37966,NES,Baseball [5 Screw],Baseball,https://upload.wikimedia.org/wikipedia/en/6/64/Baseball_NES_box_art.jpg,
76 ,8564,NES,Bases Loaded,Baseball,https://upload.wikimedia.org/wikipedia/en/c/cb/NES_Bases_Loaded_cover_art.jpg,
77 ,8565,NES,Bases Loaded 2 Second Season,Baseball,https://upload.wikimedia.org/wikipedia/en/7/7c/Bases_Loaded_2_box_art.jpg,
78 ,12199,NES,Bases Loaded 3,Baseball,https://upload.wikimedia.org/wikipedia/en/a/a7/Bases_Loaded_3_box_art.jpg,
79 ,8566,NES,Bases Loaded 4,Baseball,https://upload.wikimedia.org/wikipedia/en/f/fd/Basesloaded4.jpg,
80 ,8574,NES,Batman Returns,Action & Adventure,https://www.mobygames.com/images/covers/l/29788-batman-returns-nes-front-cover.jpg,
81 ,13844,NES,Batman The Video Game,Action & Adventure,https://www.mobygames.com/images/covers/l/59498-batman-the-video-game-nes-front-cover.jpg,
82 ,8570,NES,Batman: Return of the Joker,Action & Adventure,https://www.mobygames.com/images/covers/l/77994-batman-return-of-the-joker-nes-front-cover.jpg,
83 ,12200,NES,Battle Chess,Strategy,https://www.mobygames.com/images/covers/l/216162-battle-chess-nes-front-cover.jpg,
84 ,12201,NES,Battle of Olympus,Action & Adventure,https://upload.wikimedia.org/wikipedia/en/7/7c/Battle_of_olympus.jpg,
85 ,8582,NES,Battleship,Strategy,https://www.mobygames.com/images/covers/l/177327-battleship-nes-front-cover.jpg,
86 ,12202,NES,Battletank,Action & Adventure,https://www.mobygames.com/images/covers/l/62303-garry-kitchen-s-battletank-nes-front-cover.jpg,
87 ,8586,NES,Battletoads,Action & Adventure,https://www.mobygames.com/images/covers/l/78545-battletoads-nes-front-cover.jpg,
88 ,8588,NES,Battletoads and Double Dragon The Ultimate Team,Action & Adventure,https://www.mobygames.com/images/covers/l/247143-battletoads-double-dragon-nes-front-cover.jpg,
89 ,12203,NES,Bee 52,Action & Adventure,https://www.mobygames.com/images/covers/l/19360-bee-52-nes-front-cover.jpg,
90 ,12204,NES,BeetleJuice,Action & Adventure,https://i.ebayimg.com/00/z/5l4AAOxyVaBS0sQy/$_32.JPG,
91 ,8600,NES,Best of the Best Championship Karate,Fighting,https://www.mobygames.com/images/covers/l/247146-best-of-the-best-championship-karate-nes-front-cover.jpg,
92 ,8603,NES,Bible Adventures,Action & Adventure,https://www.mobygames.com/images/covers/l/18977-bible-adventures-nes-front-cover.jpg,
93 ,12205,NES,Bible Buffet,Other,https://m.media-amazon.com/images/M/MV5BNzBhZjZkMzItMTkwZi00ZWJkLWE0MGEtODM2OTQwOWNiZjdjXkEyXkFqcGdeQXVyNTY2MzQ3MDE@._V1_.jpg,
94 ,12106,NES,Big Nose Freaks Out,Action & Adventure,https://www.mobygames.com/images/covers/l/14905-big-nose-freaks-out-nes-front-cover.jpg,
95 ,39520,NES,Big Nose Freaks Out [Aladdin],Action & Adventure,https://cdn11.bigcommerce.com/s-ymgqt/images/stencil/300x300/products/40265/34180/big-nose__04372.1462545219.__17808.1473967314.jpg,
96 ,16129,NES,Big Nose the Caveman,Action & Adventure,https://i.ebayimg.com/07/!!e!Uv1gEWM~$(KGrHqUOKnIEz6TrDnSKBNP3nOLZ1Q~~_32.JPG?set_id=89040003C1,
97 ,12206,NES,Bigfoot,Action & Adventure,https://www.mobygames.com/images/covers/l/29925-bigfoot-nes-front-cover.jpg,
98 ,8607,NES,Bill Elliott's NASCAR Challenge,Racing,http://img2.game-oldies.com/sites/default/files/packshots/nintendo-nes/bill-elliotts-nascar-challenge-usa.png,
99 ,8606,NES,Bill and Ted's Excellent Video Game,Action & Adventure,https://www.mobygames.com/images/covers/l/29993-bill-ted-s-excellent-video-game-adventure-nes-front-cover.jpg,
100,12107,NES,Bionic Commando,Action & Adventure,https://www.mobygames.com/images/covers/l/19540-bionic-commando-nes-front-cover.jpg,
101,12108,NES,Black Bass,Sports,https://www.mobygames.com/images/covers/l/51657-black-bass-windows-front-cover.jpg,
102,12109,NES,Blackjack,Other,https://cdn11.bigcommerce.com/s-ymgqt/images/stencil/1280x1280/products/24683/16162/Game%20Nintendo%20NES-609-2__79382.1394726169.jpg,
103,8614,NES,Blades of Steel,Sports,https://www.mobygames.com/images/covers/l/45167-blades-of-steel-nes-front-cover.jpg,
104,39515,NES,Blades of Steel [Classic Series],Sports,https://cdn11.bigcommerce.com/s-ymgqt/images/stencil/300x300/products/39769/31263/563389_108267_front__09625.1457469319.jpg,
105,12110,NES,Blaster Master,Action & Adventure,https://upload.wikimedia.org/wikipedia/en/9/99/Blaster_Master_boxart.jpg,
106,8625,NES,Blue Marlin,Sports,https://upload.wikimedia.org/wikipedia/en/7/73/The_blue_marlin_nes_box_art.jpg,
107,8627,NES,Blues Brothers,Action & Adventure,https://www.mobygames.com/images/covers/l/247148-the-blues-brothers-nes-front-cover.jpg,
108,8628,NES,Bo Jackson Baseball,Baseball,https://www.mobygames.com/images/covers/l/175248-bo-jackson-baseball-nes-front-cover.jpg,
109,12111,NES,Bomberman,Action & Adventure,https://upload.wikimedia.org/wikipedia/en/7/72/BombermanCover.jpg,
110,8632,NES,Bomberman II,Puzzle,https://upload.wikimedia.org/wikipedia/en/3/3a/Bomberman2Cover.jpg,
111,8636,NES,Bonk's Adventure,Action & Adventure,https://cdn11.bigcommerce.com/s-ymgqt/images/stencil/1280x1280/products/24691/16176/Game%20Nintendo%20NES-617-2__72500.1394726290.jpg,
112,12112,NES,Boulder Dash,Action & Adventure,https://upload.wikimedia.org/wikipedia/en/a/a6/Boulder_Dash_NES.jpg,
113,8643,NES,Bram Stoker's Dracula,Action & Adventure,https://static.giantbomb.com/uploads/scale_small/9/93770/2361185-nes_dracula_eu.jpg,
114,8645,NES,Break Time The National Pool Tour,Sports,https://www.mobygames.com/images/covers/l/202384-break-time-the-national-pool-tour-nes-front-cover.jpg,
115,12113,NES,BreakThru,Puzzle,https://now.estarland.com/images/products/hr/13219/013252002081.jpg,
116,38039,NES,Breakthru [5 Screw],Action & Adventure,https://now.estarland.com/images/products/hr/13219/013252002081.jpg,
117,14930,NES,Bubble Bath Babes,Action & Adventure,https://tiredoldhackdotcom.files.wordpress.com/2015/12/bubble-bath-babes.jpg,
118,11983,NES,Bubble Bobble,Action & Adventure,https://www.mobygames.com/images/covers/l/16218-bubble-bobble-nes-front-cover.jpg,
119,8654,NES,Bubble Bobble Part 2,Action & Adventure,https://upload.wikimedia.org/wikipedia/en/e/eb/Bubbobpart2.jpg,
120,8658,NES,Bucky O'Hare,Action & Adventure,https://www.mobygames.com/images/covers/l/90637-bucky-o-hare-nes-front-cover.jpg,
121,8661,NES,Bugs Bunny Birthday Blowout,Action & Adventure,https://upload.wikimedia.org/wikipedia/en/5/50/Bugs_Bunny_Birthday_Blowout.jpg,
122,8662,NES,Bugs Bunny Crazy Castle,Action & Adventure,https://upload.wikimedia.org/wikipedia/en/3/31/Crazy_Castle_Cover.png,
123,12114,NES,Bump 'n' Jump,Action & Adventure,https://www.mobygames.com/images/covers/l/247156-bump-n-jump-nes-front-cover.jpg,
124,12115,NES,Burai Fighter,Fighting,https://www.mobygames.com/images/covers/l/224593-burai-fighter-nes-front-cover.png,
125,38006,NES,BurgerTime [5 Screw],Action & Adventure,https://www.mobygames.com/images/covers/l/174677-burgertime-nes-front-cover.jpg,
126,12116,NES,Burgertime,Puzzle,https://www.mobygames.com/images/covers/l/174677-burgertime-nes-front-cover.jpg,
127,12117,NES,Cabal,Action & Adventure,https://www.mobygames.com/images/covers/l/72807-cabal-nes-front-cover.jpg,
128,8683,NES,Caesar's Palace,Sports,https://www.mobygames.com/images/covers/l/175373-caesars-palace-nes-front-cover.jpg,
129,12118,NES,California Games,Sports,https://www.mobygames.com/images/covers/l/16338-california-games-nes-front-cover.jpg,
130,8687,NES,California Raisins The Great Escape [Reproduction],Action & Adventure,https://52f4e29a8321344e30ae-0f55c9129972ac85d6b1f4e703468e6b.ssl.cf2.rackcdn.com/products/pictures/181765.jpg,
131,14928,NES,Caltron 6-in-1,Action & Adventure,https://upload.wikimedia.org/wikipedia/en/f/fe/Caltron_6-in-1.jpg,
132,8695,NES,Captain America and the Avengers,Action & Adventure,http://nintendoagemedia.com/elements_nocache/E8BF839B-EA69-A7B0-58883B3CA65FDE3B.jpg,
133,8696,NES,Captain Planet and the Planeteers,Action & Adventure,https://upload.wikimedia.org/wikipedia/en/3/34/Captain_Planet_and_the_Planeteers_Coverart.png,
134,12120,NES,Captain Skyhawk,Action & Adventure,https://upload.wikimedia.org/wikipedia/en/b/b0/Captain_Skyhawk_Coverart.png,
135,12121,NES,Casino Kid,Other,https://upload.wikimedia.org/wikipedia/en/2/2f/CasinoKidBoxart.jpg,
136,8701,NES,Casino Kid II,Other,https://static.giantbomb.com/uploads/scale_small/0/3413/210957-casino_kid_2.jpg,
137,8702,NES,Castelian,Action & Adventure,http://img2.game-oldies.com/sites/default/files/packshots/nintendo-nes/castelian-usa.png,
138,12122,NES,Castle of Deceit,Action & Adventure,https://upload.wikimedia.org/wikipedia/en/0/0e/CastleofDeceitBoxart.jpg,
139,12123,NES,Castle of Dragon,Action & Adventure,https://www.mobygames.com/images/covers/l/247158-castle-of-dragon-nes-front-cover.jpg,
140,12124,NES,Castlequest,Action & Adventure,https://upload.wikimedia.org/wikipedia/en/3/34/CastlequestNESBoxart.jpg,
141,8704,NES,Castlevania,Action & Adventure,https://www.mobygames.com/images/covers/l/41554-castlevania-nes-front-cover.jpg,
142,11984,NES,Castlevania II Simon's Quest,Action & Adventure,https://www.mobygames.com/images/covers/l/24055-castlevania-ii-simon-s-quest-nes-front-cover.jpg,
143,8706,NES,Castlevania III Dracula's Curse,Action & Adventure,https://www.mobygames.com/images/covers/l/41555-castlevania-iii-dracula-s-curse-nes-front-cover.jpg,
144,38007,NES,Castlevania [5 Screw],Action & Adventure,https://www.mobygames.com/images/covers/l/41554-castlevania-nes-front-cover.jpg,
145,12126,NES,Caveman Games,Party,https://www.mobygames.com/images/covers/l/247160-caveman-ugh-lympics-nes-front-cover.jpg,
146,16130,NES,Challenge of the Dragon,Action & Adventure,https://upload.wikimedia.org/wikipedia/en/c/c2/Challenge_of_the_Dragon_Cover.jpg,
147,8713,NES,Championship Bowling,Sports,https://www.mobygames.com/images/covers/l/111029-championship-bowling-nes-front-cover.jpg,
148,8714,NES,Championship Pool,Sports,https://upload.wikimedia.org/wikipedia/en/d/d6/NESPool.jpg,
149,14927,NES,Cheetahmen II,Action & Adventure,https://static.miraheze.org/crappygameswiki/thumb/b/b4/CHEEH.PNG/411px-CHEEH.PNG,
150,8722,NES,Chessmaster,Strategy,https://cdn11.bigcommerce.com/s-m92i69d8x0/images/stencil/1280x1775/products/6196/8136/TheChessMasterNES15252_f__53024.1502153741.jpg,
151,8729,NES,Chiller,Action & Adventure,https://upload.wikimedia.org/wikipedia/en/9/9f/Chiller_NES_cover.jpg,
152,12127,NES,Chip and Dale Rescue Rangers,Action & Adventure,https://upload.wikimedia.org/wikipedia/en/0/02/Chip_%27n_Dale_Rescue_Rangers_NES_Cover.png,
153,8730,NES,Chip and Dale Rescue Rangers 2,Action & Adventure,https://upload.wikimedia.org/wikipedia/en/e/e1/Chip-and-dale-rescue-rangers-2-cover.jpg,
154,12128,NES,Chubby Cherub,Action & Adventure,https://upload.wikimedia.org/wikipedia/en/2/25/Chubby_Cherub_Coverart.png,
155,12129,NES,Circus Caper,Action & Adventure,https://upload.wikimedia.org/wikipedia/en/1/1a/Circus_Caper_Cover.jpg,
156,12130,NES,City Connection,Action & Adventure,https://upload.wikimedia.org/wikipedia/en/2/2a/City_Connection_NA_NESboxart.png,
157,12131,NES,Clash at Demonhead,Action & Adventure,https://upload.wikimedia.org/wikipedia/en/5/57/Clashatdemonhead.jpg,
158,12132,NES,Classic Concentration,Action & Adventure,https://www.mobygames.com/images/covers/l/247164-classic-concentration-nes-front-cover.jpg,
159,38378,NES,Cleaning Kit,Accessories,https://i-h2.pinimg.com/564x/0f/b6/05/0fb6051452c629e28f8f7257636e2872.jpg,
160,8738,NES,Cliffhanger,Action & Adventure,https://upload.wikimedia.org/wikipedia/en/f/fd/NesCliffhanger.jpg,
161,12133,NES,Clu Clu Land,Action & Adventurehttps://upload.wikimedia.org/wikipedia/en/4/41/Clu_Clu_Land_Cover.jpg,,
162,12134,NES,Cobra Command,Action & Adventure,https://www.mobygames.com/images/covers/l/41828-cobra-command-nes-front-cover.jpg,
163,8743,NES,Cobra Triangle,Action & Adventure,https://upload.wikimedia.org/wikipedia/en/b/b5/Cobratriangle.jpg,
164,8747,NES,Code Name Viper,Action & Adventure,https://upload.wikimedia.org/wikipedia/en/9/9a/Code_Name_Viper_cover.jpg,
165,8753,NES,Color A Dinosaur,Other,https://www.mobygames.com/images/covers/l/26352-color-a-dinosaur-nes-front-cover.jpg,
166,12135,NES,Commando,Action & Adventure,https://www.mobygames.com/images/covers/l/85915-commando-nes-front-cover.jpg,
167,37997,NES,Commando [5 Screw],Other,https://www.mobygames.com/images/covers/l/85915-commando-nes-front-cover.jpg,
168,12136,NES,Conan the Mysteries of Time,Action & Adventure,https://upload.wikimedia.org/wikipedia/en/2/2c/Mysteries_of_Time_cover.jpg,
169,12137,NES,Conflict,Action & Adventure,https://upload.wikimedia.org/wikipedia/en/0/00/Conflict_NES_cover.jpg,
170,12138,NES,Conquest of the Crystal Palace,Action & Adventure,https://upload.wikimedia.org/wikipedia/en/4/4d/Conquest_of_the_Crystal_Palace_cover.jpg,
171,12139,NES,Contra,Action & Adventure,https://upload.wikimedia.org/wikipedia/en/6/65/Contra_cover.jpg,
172,12140,NES,Contra Force,Action & Adventure,https://upload.wikimedia.org/wikipedia/en/4/48/Contraforcecover.gif,
173,37258,NES,Control Deck Test Cartridge,Other,http://nintendoagemedia.com/elements_nocache/2F9241FA-E870-DFF2-495AE1481536AE00.jpg,
174,8764,NES,Cool World,Action & Adventure,https://upload.wikimedia.org/wikipedia/en/c/ca/Cool_World_NES.jpg,
175,12142,NES,Cowboy Kid,Action & Adventure,https://image.gamevaluenow.com/nes/cowboy_kid.jpg,
176,12143,NES,Crash 'n' the Boys: Street Challenge,Action & Adventure,https://upload.wikimedia.org/wikipedia/en/2/2a/Crash_N_the_Boys_Street_Challenge_NES_box_art.jpg,
177,8786,NES,Crystal Mines,Action & Adventure,https://www.mobygames.com/images/covers/l/14569-crystal-mines-nes-front-cover.jpg,
178,12144,NES,Crystalis,Action & Adventure,https://upload.wikimedia.org/wikipedia/en/9/9b/Crystalisboxart.jpg,
179,8794,NES,Cyberball,Sports,https://upload.wikimedia.org/wikipedia/en/1/12/Cyberball_Cover.jpg,
180,8796,NES,Cybernoid The Fighting Machine,Action & Adventure,https://upload.wikimedia.org/wikipedia/en/d/d2/Cybernoid_computer_game_cover.jpg,
181,12145,NES,Cyberstadium Series Base Wars,Sports,https://www.mobygames.com/images/covers/l/29799-base-wars-cyber-stadium-series-nes-front-cover.jpg,
182,8801,NES,Dance Aerobics,Other,https://www.mobygames.com/images/covers/l/247172-dance-aerobics-nes-front-cover.jpg,
183,8804,NES,Danny Sullivan's Indy Heat,Racing,https://www.mobygames.com/images/covers/l/247318-danny-sullivan-s-indy-heat-nes-front-cover.jpg,
184,8808,NES,Darkman,Action & Adventure,https://www.mobygames.com/images/covers/l/247317-darkman-nes-front-cover.jpg,
185,8810,NES,Darkwing Duck,Action & Adventure,https://upload.wikimedia.org/wikipedia/en/c/c3/Darkwing_Duck_NES_Cover.png,
186,12146,NES,Dash Galaxy in the Alien Asylum,Action & Adventure,https://upload.wikimedia.org/wikipedia/en/d/da/DashGalaxyBoxart.jpg,
187,8817,NES,Day Dreamin' Davey,Action & Adventure,https://upload.wikimedia.org/wikipedia/en/a/a2/DayDreaminDaveyNES.jpg,
188,8818,NES,Days Of Thunder,Racing,https://upload.wikimedia.org/wikipedia/en/8/8b/Days_of_Thunder_cover_art_%28NES%29.jpg,
189,12147,NES,Deadly Towers,Action & Adventure,https://upload.wikimedia.org/wikipedia/en/f/f3/Deadly_Towers_boxart.png,
190,38022,NES,Deadly Towers [5 Screw],Action & Adventure,https://upload.wikimedia.org/wikipedia/en/f/f3/Deadly_Towers_boxart.png,
191,12148,NES,Death Race,Racing,https://upload.wikimedia.org/wikipedia/en/d/d8/DeathRaceBoxShotNES.jpg,
192,12149,NES,Deathbots,Action & Adventure,https://www.mobygames.com/images/covers/l/42366-deathbots-nes-front-cover.jpg,
193,12150,NES,Defender II,Action & Adventure,https://server.emulator.games/images/nintendo/defender-2.jpg,
194,12151,NES,Defender of the Crown,Action & Adventure,https://www.mobygames.com/images/covers/l/247326-defender-of-the-crown-nes-front-cover.jpg,
195,8836,NES,Defenders of Dynatron City,Action & Adventure,https://upload.wikimedia.org/wikipedia/en/1/1e/Defenders_of_Dynatron_City_Cover.jpg,
196,12152,NES,Deja Vu,Action & Adventure,https://www.mobygames.com/images/covers/l/65720-deja-vu-a-nightmare-comes-true-nes-front-cover.jpg,
197,12153,NES,Demon Sword,Action & Adventure,https://upload.wikimedia.org/wikipedia/en/6/68/Demon_Sword_Cover.jpg,
198,12154,NES,Desert Commander,Action & Adventure,https://upload.wikimedia.org/wikipedia/en/f/fa/Desert_Commander.jpg,
199,12155,NES,Destination Earthstar,Other,https://upload.wikimedia.org/wikipedia/en/d/d2/Destination_Earthstar_Cover.jpg,
200,12156,NES,Destiny of an Emperor,Action & Adventure,https://upload.wikimedia.org/wikipedia/en/3/31/Destiny_of_an_Emperor_Cover.jpg,
201,12157,NES,Dick Tracy,Action & Adventure,https://www.mobygames.com/images/covers/l/32221-dick-tracy-nes-front-cover.jpg,
202,8841,NES,Die Hard,Action & Adventure,https://www.mobygames.com/images/covers/l/60371-die-hard-nes-front-cover.jpg,
203,12159,NES,Dig Dug II: Trouble in Paradise,Action & Adventure,https://www.mobygames.com/images/covers/l/18840-dig-dug-ii-trouble-in-paradise-nes-front-cover.jpg,
204,12160,NES,Digger T Rock,Action & Adventure,https://www.mobygames.com/images/covers/l/187076-digger-t-rock-legend-of-the-lost-city-nes-front-cover.png,
205,12161,NES,Dirty Harry,Action & Adventure,https://upload.wikimedia.org/wikipedia/en/7/7a/Dirty_Harry_-_The_War_Against_Drugs_Coverart.png,
206,39508,NES,Dizzy the Adventurer,Puzzle,https://www.mobygames.com/images/covers/l/15240-the-fantastic-adventures-of-dizzy-nes-front-cover.jpg,
207,21555,NES,Dogbone Controller,Controllers,https://upload.wikimedia.org/wikipedia/commons/thumb/a/a4/Nintendo-Famicom-NES-Dogbone-Controller-FL.jpg/800px-Nintendo-Famicom-NES-Dogbone-Controller-FL.jpg,
208,11985,NES,Donkey Kong,Action & Adventure,https://www.mobygames.com/images/covers/l/206582-donkey-kong-nes-front-cover.png,
209,12163,NES,Donkey Kong 3,Action & Adventure,https://www.mobygames.com/images/covers/l/246580-donkey-kong-3-nes-front-cover.png,
210,37986,NES,Donkey Kong 3 [5 Screw],Action & Adventure,https://www.mobygames.com/images/covers/l/246580-donkey-kong-3-nes-front-cover.png,
211,12164,NES,Donkey Kong Classics,Action & Adventure,https://www.mobygames.com/images/covers/l/15771-donkey-kong-classics-nes-front-cover.jpg,
212,11986,NES,Donkey Kong Jr,Action & Adventure,https://www.mobygames.com/images/covers/l/16324-donkey-kong-junior-nes-front-cover.jpg,
213,11987,NES,Donkey Kong Jr Math,Other,https://www.mobygames.com/images/covers/l/206578-donkey-kong-jr-math-nes-front-cover.png,
214,37968,NES,Donkey Kong Jr Math [5 Screw],Action & Adventure,https://www.mobygames.com/images/covers/l/206578-donkey-kong-jr-math-nes-front-cover.png,
215,37985,NES,Donkey Kong Jr [5 Screw],Action & Adventure,https://www.mobygames.com/images/covers/l/16324-donkey-kong-junior-nes-front-cover,
216,37984,NES,Donkey Kong [5 Screw],Action & Adventure,https://www.mobygames.com/images/covers/l/206582-donkey-kong-nes-front-cover.png,
217,12167,NES,Double Dare,Action & Adventure,https://www.mobygames.com/images/covers/l/218409-double-dare-nes-front-cover.png,
218,12207,NES,Double Dragon,Action & Adventure,https://www.mobygames.com/images/covers/l/16095-double-dragon-nes-front-cover.jpg,
219,12208,NES,Double Dragon II,Action & Adventure,https://upload.wikimedia.org/wikipedia/en/thumb/0/02/NES_Double_Dragon_II_packaging_front.jpg/220px-NES_Double_Dragon_II_packaging_front.jpg,
220,12209,NES,Double Dragon III,Action & Adventure,https://upload.wikimedia.org/wikipedia/en/thumb/2/2e/NES_Double_Dragon_III_cover.jpg/255px-NES_Double_Dragon_III_cover.jpg,
222,38023,NES,Double Dribble [5 Screw],Basketball,https://www.mobygames.com/images/covers/l/70319-double-dribble-amiga-front-cover.jpg,
221,11988,NES,Double Dribble,Basketball,https://www.mobygames.com/images/covers/l/70319-double-dribble-amiga-front-cover.jpg,
223,12210,NES,Double Strike,Action & Adventure,https://www.mobygames.com/images/covers/l/16840-double-strike-nes-front-cover.jpg,
224,12211,NES,Dr Chaos,Action & Adventure,https://www.mobygames.com/images/covers/l/202665-dr-chaos-nes-front-cover.jpg,
225,12212,NES,Dr Jekyll and Mr Hyde,Action & Adventure,https://www.mobygames.com/images/covers/l/163637-dr-jekyll-and-mr-hyde-nes-front-cover.jpg,
226,8859,NES,Dr. Mario,Puzzle,https://upload.wikimedia.org/wikipedia/en/thumb/f/f8/Dr._Mario_box_art.jpg/220px-Dr._Mario_box_art.jpg,
227,8864,NES,Dragon Fighter,Action & Adventure,https://upload.wikimedia.org/wikipedia/en/a/a6/Dragon_Fighter_cover.jpg,
228,12213,NES,Dragon Power,Action & Adventure,https://www.mobygames.com/images/covers/l/153084-dragon-power-nes-front-cover.jpg,
229,12214,NES,Dragon Spirit,Action & Adventure,https://upload.wikimedia.org/wikipedia/en/thumb/1/19/Dragon-spirit.jpg/250px-Dragon-spirit.jpg,
230,12216,NES,Dragon Warrior,RPG,https://upload.wikimedia.org/wikipedia/en/thumb/8/84/Dragon_Warrior.jpg/220px-Dragon_Warrior.jpg,
231,12215,NES,Dragon Warrior II,RPG,https://upload.wikimedia.org/wikipedia/en/thumb/f/fd/Dragon_Warrior_II.jpg/220px-Dragon_Warrior_II.jpg,
232,8868,NES,Dragon Warrior III,RPG,https://upload.wikimedia.org/wikipedia/en/thumb/b/b8/Dragon_Warrior_III.jpg/220px-Dragon_Warrior_III.jpg,
233,8869,NES,Dragon Warrior IV,RPG,https://upload.wikimedia.org/wikipedia/en/thumb/d/db/Dragon_Quest_IV_cover.jpg/220px-Dragon_Quest_IV_cover.jpg,
234,12217,NES,Dragon's Lair the Legend,Action & Adventure,https://upload.wikimedia.org/wikipedia/en/thumb/f/fd/Dragon%27s_Lair_NES_cover.jpg/220px-Dragon%27s_Lair_NES_cover.jpg,
235,12218,NES,Duck Hunt,Other,https://upload.wikimedia.org/wikipedia/en/thumb/1/14/DuckHuntBox.jpg/220px-DuckHuntBox.jpg,
236,37976,NES,Duck Hunt [5 Screw],Action & Adventure,https://upload.wikimedia.org/wikipedia/en/thumb/1/14/DuckHuntBox.jpg/220px-DuckHuntBox.jpg,
237,12219,NES,Duck Tales,Action & Adventure,https://upload.wikimedia.org/wikipedia/en/thumb/6/64/DuckTales_NES_Cover.png/220px-DuckTales_NES_Cover.png,
238,8878,NES,Duck Tales 2,Action & Adventure,https://upload.wikimedia.org/wikipedia/en/thumb/1/15/Ducktales_2_cover.png/220px-Ducktales_2_cover.png,
239,34156,NES,Duck Tales Gold Cartridge,Action & Adventure,https://4.bp.blogspot.com/-8oUO9GvEKJY/UgkFGDSg_JI/AAAAAAAAHJo/q4C_K2pOhJc/s1600/gold-duck-tales-nes.jpg,
240,12220,NES,Dudes with Attitude,Action & Adventure,https://static.giantbomb.com/uploads/scale_small/9/93770/2361690-nes_dudeswithattitude.jpg,
241,12221,NES,Dungeon Magic,RPG,https://upload.wikimedia.org/wikipedia/en/8/85/Dungeon_Magic_Sword_of_the_Elements.jpg,
242,12222,NES,Dusty Diamond's All-Star Softball,Baseball,http://img2.game-oldies.com/sites/default/files/packshots/nintendo-nes/dusty-diamond-s-all-star-softball-usa.png,
243,8889,NES,Dynowarz The Destruction of Spondylus,Action & Adventure,https://www.mobygames.com/images/covers/l/128205-dynowarz-destruction-of-spondylus-nes-front-cover.jpg,
244,11989,NES,Elevator Action,Puzzle,https://www.mobygames.com/images/covers/l/224482-elevator-action-nes-front-cover.png,
245,38017,NES,Elevator Action [5 Screw],Action & Adventure,https://www.mobygames.com/images/covers/l/224482-elevator-action-nes-front-cover.png,
246,8906,NES,Eliminator Boat Duel,Racing,https://upload.wikimedia.org/wikipedia/en/a/a3/Eliminator_Boat_Duel_cover.jpg,
247,11990,NES,Excitebike,Racing,https://upload.wikimedia.org/wikipedia/en/f/f8/Excitebike_cover.jpg,
248,37977,NES,Excitebike [5 Screw],Racing,https://upload.wikimedia.org/wikipedia/en/f/f8/Excitebike_cover.jpg,
249,12223,NES,Exodus Journey to the Promised Land,RPG,https://www.mobygames.com/images/covers/l/26358-exodus-journey-to-the-promised-land-nes-front-cover.jpg,
250,8928,NES,F-117A Stealth Fighter,Other,,
251,19760,NES,F-15 City War,Action & Adventure,,
252,8929,NES,F-15 Strike Eagle,Action & Adventure,,
253,8935,NES,Family Feud,Other,,
254,45059,NES,Family Fun Fitness Pad,Controllers,,
255,12224,NES,Family Fun Fitness Stadium Events,Sports,,
256,12225,NES,Fantastic Adventures of Dizzy,Action & Adventure,,
257,39521,NES,Fantastic Adventures of Dizzy [Aladdin],Action & Adventure,,
258,12226,NES,Fantasy Zone,Action & Adventure,,
259,8939,NES,Faria,RPG,,
260,13717,NES,Faxanadu,Action & Adventure,,
261,8948,NES,Felix the Cat,Action & Adventure,,
262,8949,NES,Ferrari Grand Prix Challenge,Racing,,
263,8950,NES,Fester's Quest,Action & Adventure,,
264,8970,NES,Final Fantasy,RPG,,
265,8975,NES,Fire 'N Ice,Puzzle,,
266,12229,NES,Firehawk,Action & Adventure,,
267,12230,NES,Fisher Price I Can Remember,Other,,
268,12231,NES,Fisher Price Perfect Fit,Other,,
269,8976,NES,Fisher-Price Firehouse Rescue,Action & Adventure,,
270,12232,NES,Fist of the North Star,Fighting,,
271,8981,NES,Flight of the Intruder,Action & Adventure,,
272,13107,NES,Flintstones Surprise at Dinosaur Peak,Action & Adventure,,
273,8983,NES,Flintstones The Rescue of Dino and Hoppy,Action & Adventure,,
274,12234,NES,Flying Dragon,Action & Adventure,,
275,12235,NES,Flying Warriors,Action & Adventure,,
276,14550,NES,Formula One Built To Win,Racing,,
277,12236,NES,Frankenstein the Monster Returns,Action & Adventure,,
278,12237,NES,Freedom Force,Action & Adventure,,
279,12238,NES,Friday the 13th,Action & Adventure,,
280,12239,NES,Fun House,Action & Adventure,,
281,12240,NES,G.I. Joe: A Real American Hero,Action & Adventure,,
282,9034,NES,GI Joe The Atlantis Factor,Action & Adventure,,
283,32330,NES,Galactic Crusader,Action & Adventure,,
284,11991,NES,Galaga: Demons of Death,Other,,
285,12242,NES,Galaxy 5000,Action & Adventure,,
286,52012,NES,Galf,Sports,,
287,52013,NES,Galf [White],Sports,,
288,13192,NES,Game Genie,Accessories,,
289,37040,NES,Game Genie Top Loader Adaptor,Accessories,,
290,9012,NES,Gargoyle's Quest II The Demon Darkness,Action & Adventure,,
291,12243,NES,Gauntlet,Action & Adventure,,
292,9013,NES,Gauntlet II,Action & Adventure,,
293,39511,NES,Gauntlet [Gray Cart],Action & Adventure,,
294,9018,NES,Gemfire,Strategy,,
295,12244,NES,Genghis Khan,Action & Adventure,,
296,9025,NES,George Foreman's KO Boxing,Sports,,
297,9029,NES,Ghost Lion,RPG,,
298,12245,NES,Ghostbusters,Action & Adventure,,
299,9032,NES,Ghostbusters II,Action & Adventure,,
300,11992,NES,Ghosts 'n Goblins,Action & Adventure,,
301,37998,NES,Ghosts 'n Goblins [5 Screw],Action & Adventure,,
302,9033,NES,Ghoul School,Action & Adventure,,
303,12247,NES,Gilligan's Island,Action & Adventure,,
304,12248,NES,Goal,Soccer,,
305,9039,NES,Goal Two,Soccer,,
306,12249,NES,Godzilla,Action & Adventure,,
307,9042,NES,Godzilla 2,Strategy,,
308,9045,NES,Gold Medal Challenge '92,Sports,,
309,9050,NES,Golf,Sports,,
310,9051,NES,Golf Grand Slam,Sports,,
311,37969,NES,Golf [5 Screw],Sports,,
312,12250,NES,Golgo 13 Top Secret Episode,Action & Adventure,,
313,12251,NES,Gotcha,Action & Adventure,,
314,39516,NES,Gotcha [5 Screw],Action & Adventure,,
315,11993,NES,Gradius,Other,,
316,37999,NES,Gradius [5 Screw],Other,,
317,9063,NES,Great Waldo Search,Puzzle,,
318,9068,NES,Greg Norman's Golf Power,Sports,,
319,12252,NES,Gremlins 2,Action & Adventure,,
320,12253,NES,Guerrilla War,Action & Adventure,,
321,12254,NES,Gumshoe,Action & Adventure,,
322,37990,NES,Gumshoe [5 Screw],Other,,
323,12255,NES,Gun-Nac,Action & Adventure,,
324,12256,NES,Gun.Smoke,Action & Adventure,,
325,12257,NES,Gyromite,Action & Adventure,,
326,37970,NES,Gyromite [5 Screw],Other,,
327,37958,NES,Gyromite [ROB Bundle],Action & Adventure,,
328,12258,NES,Gyruss,Action & Adventure,,
329,12259,NES,Harlem Globetrotters,Basketball,,
330,9097,NES,Hatris,Puzzle,,
331,12260,NES,Heavy Barrel,Action & Adventure,,
332,12261,NES,Heavy Shreddin',Action & Adventure,,
333,9109,NES,High Speed,Arcade,,
334,12262,NES,Hogan's Alley,Other,,
335,37971,NES,Hogan's Alley [5 Screw],Other,,
336,9115,NES,Hollywood Squares,Other,,
337,9117,NES,Home Alone,Action & Adventure,,
338,9119,NES,Home Alone 2 Lost In New York,Action & Adventure,,
339,9121,NES,Hook,Action & Adventure,,
340,12263,NES,Hoops,Basketball,,
341,14931,NES,Hot Slots,Action & Adventure,,
342,9132,NES,Hudson Hawk,Action & Adventure,,
343,9133,NES,Hunt for Red October,Action & Adventure,,
344,12264,NES,Hydlide,Action & Adventure,,
345,11994,NES,Ice Climber,Action & Adventure,,
346,37972,NES,Ice Climber [5 Screw],Action & Adventure,,
347,11995,NES,Ice Hockey,Sports,,
348,12265,NES,Ikari Warriors,Action & Adventure,,
349,12266,NES,Ikari Warriors II,Action & Adventure,,
350,12267,NES,Ikari Warriors III,Action & Adventure,,
351,38008,NES,Ikari Warriors [5 Screw],Action & Adventure,,
352,12268,NES,Image Fight,Fighting,,
353,9138,NES,Immortal,RPG,,
354,12269,NES,Impossible Mission II,Action & Adventure,,
355,44966,NES,Impossible Mission II [AVE],Action & Adventure,,
356,39510,NES,Impossible Mission II [SEI],Action & Adventure,,
357,9143,NES,Incredible Crash Dummies,Action & Adventure,,
358,12270,NES,Indiana Jones and the Last Crusade,Action & Adventure,,
359,30748,NES,Indiana Jones and the Last Crusade [Ubisoft],Action & Adventure,,
360,12271,NES,Indiana Jones and the Temple of Doom,Action & Adventure,,
361,39513,NES,Indiana Jones and the Temple of Doom [Tengen],Action & Adventure,,
362,12272,NES,Infiltrator,Action & Adventure,,
363,12274,NES,Iron Sword Wizards and Warriors II,RPG,,
364,12273,NES,Iron Tank,Action & Adventure,,
365,12275,NES,Isolated Warrior,Action & Adventure,,
366,9155,NES,Jack Nicklaus Golf,Sports,,
367,12276,NES,Jackal,Action & Adventure,,
368,12277,NES,Jackie Chan's Action Kung Fu,Action & Adventure,,
369,9161,NES,James Bond Jr,Action & Adventure,,
370,12278,NES,Jaws,Action & Adventure,,
371,39519,NES,Jaws [5 Screw],Action & Adventure,,
372,9169,NES,Jeopardy,Other,,
373,9170,NES,Jeopardy 25th Anniversary,Other,,
374,9172,NES,Jeopardy Jr,Other,,
375,9176,NES,Jetsons Cogswell's Caper,Action & Adventure,,
376,9177,NES,Jimmy Connors Tennis,Sports,,
377,9179,NES,Joe and Mac,Action & Adventure,,
378,12279,NES,John Elway's Quarterback,Football,,
379,12280,NES,Jordan vs Bird One on One,Basketball,,
380,12281,NES,Joshua: The Battle of Jericho,Action & Adventure,,
381,12282,NES,Journey to Silius,Action & Adventure,,
382,12283,NES,Joust,Action & Adventure,,
383,9190,NES,Jurassic Park,Action & Adventure,,
384,12284,NES,Kabuki Quantum Fighter,Fighting,,
385,12285,NES,Karate Champ,Fighting,,
386,39518,NES,Karate Champ [5 Screw],Sports,,
387,12286,NES,Karnov,Action & Adventure,,
388,9204,NES,Kick Master,Action & Adventure,,
389,12287,NES,Kickle Cubicle,Action & Adventure,,
390,11996,NES,Kid Icarus,Action & Adventure,,
391,38010,NES,Kid Icarus [5 Screw],Action & Adventure,,
392,9205,NES,Kid Klown in Night Mayor World,Action & Adventure,,
393,12288,NES,Kid Kool,Action & Adventure,,
394,12289,NES,Kid Niki Radical Ninja,Action & Adventure,,
395,38041,NES,Kid Niki Radical Ninja [5 Screw],Action & Adventure,,
396,16437,NES,King Neptune's Adventure,Action & Adventure,,
397,12290,NES,King of Kings,RPG,,
398,9212,NES,King's Knight,Strategy,,
399,12291,NES,King's Quest V,RPG,,
400,12292,NES,Kings of the Beach,Sports,,
401,9213,NES,Kirby's Adventure,Action & Adventure,,
402,12293,NES,Kiwi Kraze,Action & Adventure,,
403,12294,NES,Klash Ball,Sports,,
404,12295,NES,Klax,Puzzle,,
405,12296,NES,Knight Rider,Racing,,
406,12297,NES,Krazy Kreatures,Action & Adventure,,
407,12298,NES,Krion Conquest,Action & Adventure,,
408,9217,NES,Krusty's Fun House,Puzzle,,
409,12299,NES,Kung Fu,Fighting,,
410,12300,NES,Kung Fu Heroes,Fighting,,
411,37973,NES,Kung Fu [5 Screw],Action & Adventure,,
412,9242,NES,L'Empereur,Strategy,,
413,9222,NES,Laser Invasion,Action & Adventure,,
414,19472,NES,Laserscope,Accessories,,
415,9224,NES,Last Action Hero,Action & Adventure,,
416,12301,NES,Last Starfighter,Action & Adventure,,
417,12302,NES,Lee Trevino's Fighting Golf,Sports,,
418,12303,NES,Legacy of the Wizard,RPG,,
419,11997,NES,Legend of Kage,Action & Adventure,,
420,38018,NES,Legend of Kage [5 Screw],Action & Adventure,,
421,9236,NES,Legend of Zelda,Strategy,,
422,38020,NES,Legend of Zelda [5 Screw],Action & Adventure,,
423,38512,NES,Legend of Zelda [Gray Cart],Action & Adventure,,
424,12304,NES,Legendary Wings,Other,,
425,12305,NES,Legends of the Diamond,Baseball,,
426,9240,NES,Lemmings,Puzzle,,
427,9245,NES,Lethal Weapon,Action & Adventure,,
428,12306,NES,Life Force,Action & Adventure,,
429,12307,NES,Linus Spacehead's Cosmic Adventure,Action & Adventure,,
430,39522,NES,Linus Spacehead's Cosmic Adventure [Aladdin],Action & Adventure,,
431,12308,NES,Little League Baseball,Baseball,,
432,9248,NES,Little Mermaid,Action & Adventure,,
433,9249,NES,Little Nemo The Dream Master,Action & Adventure,,
434,12309,NES,Little Ninja Brothers,Action & Adventure,,
435,9250,NES,Little Samson,Action & Adventure,,
436,11998,NES,Lode Runner,Action & Adventure,,
437,38024,NES,Lode Runner [5 Screw],Action & Adventure,,
438,9253,NES,Lone Ranger,Action & Adventure,,
439,12310,NES,Loopz,Puzzle,,
440,12311,NES,Low G Man,Action & Adventure,,
441,9260,NES,Lunar Pool,Sports,,
442,38036,NES,Lunar Pool [5 Screw],Sports,,
443,9307,NES,M.C. Kids,Action & Adventure,,
444,9387,NES,M.U.L.E.,Other,,
445,12386,NES,MTV Remote Control,Action & Adventure,,
446,12312,NES,MUSCLE,Action & Adventure,,
447,11999,NES,Mach Rider,Racing,,
448,37978,NES,Mach Rider [5 Screw],Racing,,
449,12313,NES,Mad Max,Action & Adventure,,
450,9275,NES,Magic Darts,Sports,,
451,12227,NES,Magic Johnson's Fast Break,Basketball,,
452,12314,NES,Magician,Action & Adventure,,
453,12315,NES,Magmax,Action & Adventure,,
454,12316,NES,Major League Baseball,Baseball,,
455,12317,NES,Maniac Mansion,Action & Adventure,,
456,13766,NES,Mappy-Land,Action & Adventure,,
457,12319,NES,Marble Madness,Puzzle,,
458,12000,NES,Mario Bros,Action & Adventure,,
459,37987,NES,Mario Bros [5 Screw],Action & Adventure,,
460,9287,NES,Mario Is Missing,Action & Adventure,,
461,9289,NES,Mario's Time Machine,Action & Adventure,,
462,12321,NES,Master Chu and the Drunkard Hu,Action & Adventure,,
463,14925,NES,Maxi 15,Action & Adventure,,
464,12322,NES,Mechanized Attack,Action & Adventure,,
465,9314,NES,Mega Man,Action & Adventure,,
466,37373,NES,Mega Man 10,Action & Adventure,,
467,12323,NES,Mega Man 2,Action & Adventure,,
468,53798,NES,Mega Man 2 [30th Anniversary Edition],Action & Adventure,,
469,9315,NES,Mega Man 3,Action & Adventure,,
470,12324,NES,Mega Man 4,Action & Adventure,,
471,9316,NES,Mega Man 5,Action & Adventure,,
472,9317,NES,Mega Man 6,Action & Adventure,,
473,34155,NES,Mega Man 9 Press Kit,Action & Adventure,,
474,38045,NES,Mega Man [5 Screw],Action & Adventure,,
475,16294,NES,Megacom 76,Other,,
476,12325,NES,Menace Beach,Action & Adventure,,
477,12326,NES,Mendel Palace,Action & Adventure,,
478,12327,NES,Mermaids of Atlantis,Action & Adventure,,
479,12328,NES,Metal Fighter,Fighting,,
480,12329,NES,Metal Gear,Action & Adventure,,
481,12330,NES,Metal Mech,Action & Adventure,,
482,12331,NES,Metal Storm,Action & Adventure,,
483,9331,NES,Metroid,Action & Adventure,,
484,37991,NES,Metroid [5 Screw],Action & Adventure,,
485,38511,NES,Metroid [Yellow Label],Action & Adventure,,
486,12332,NES,Michael Andretti's World GP,Racing,,
487,9337,NES,Mickey Mousecapade,Action & Adventure,,
488,9338,NES,Mickey's Adventure in Numberland,Action & Adventure,,
489,9339,NES,Mickey's Safari in Letterland,Action & Adventure,,
490,12333,NES,Micro Machines,Racing,,
491,39523,NES,Micro Machines [Aladdin],Racing,,
492,12334,NES,Mig 29,Other,,
493,9349,NES,Might and Magic,Strategy,,
494,12002,NES,Mighty Bomb Jack,Action & Adventure,,
495,38011,NES,Mighty Bomb Jack [5 Screw],Action & Adventure,,
496,9351,NES,Mighty Final Fight,Action & Adventure,,
497,12001,NES,Mike Tyson's Punch-Out,Sports,,
498,39517,NES,Mike Tyson's Punch-Out [5 Screw],Sports,,
499,12336,NES,Millipede,Arcade,,
500,12003,NES,Milon's Secret Castle,Action & Adventure,,
501,12337,NES,Miracle Piano,Music,,
502,50113,NES,Miracle Piano Keyboard,Accessories,,
503,19303,NES,Mission Cobra,Other,,
504,9358,NES,Mission Impossible,Action & Adventure,,
505,9366,NES,Monopoly,Strategy,,
506,12338,NES,Monster Party,Action & Adventure,,
507,12339,NES,Monster Truck Rally,Racing,,
508,12340,NES,Monster in My Pocket,Action & Adventure,,
509,21116,NES,Moon Ranger,Action & Adventure,,
510,9377,NES,Motor City Patrol,Action & Adventure,,
511,9382,NES,Ms. Pac-Man (Namco),Action & Adventure,,
512,30883,NES,Ms. Pac-Man [Tengen],Arcade,,
513,12341,NES,Muppet Adventure,Action & Adventure,,
514,9390,NES,Mutant Virus,Action & Adventure,,
515,14929,NES,Myriad 6-in-1,Action & Adventure,,
516,12342,NES,Mystery Quest,Action & Adventure,,
517,12343,NES,NARC,Action & Adventure,,
518,16388,NES,NES Advantage Controller,Controllers,,
519,16389,NES,NES Four Score,Accessories,,
520,21587,NES,NES Max Controller,Controllers,,
521,9449,NES,NES Open Tournament Golf,Sports,,
522,19364,NES,NES Satellite 4 Controller Port,Accessories,,
523,9459,NES,NFL Football,Football,,
524,21251,NES,NTF2 Test Cartridge,Other,,
525,9483,NES,Nigel Mansell's World Championship Racing,Racing,,
526,9487,NES,Nightshade,Action & Adventure,,
527,12344,NES,Ninja Crusaders,Action & Adventure,,
528,9488,NES,Ninja Gaiden,Action & Adventure,,
529,12004,NES,Ninja Gaiden II The Dark Sword of Chaos,Action & Adventure,,
530,9490,NES,Ninja Gaiden III Ancient Ship of Doom,Action & Adventure,,
531,12345,NES,Ninja Kid,Action & Adventure,,
532,37995,NES,Ninja Kid [5 Screw],Action & Adventure,,
533,19387,NES,Nintendo Campus Challenge 1991,Other,,
534,34874,NES,Nintendo Campus Challenge 1991 [Reproduction],Action & Adventure,,
535,38568,NES,Nintendo NES Action Set Console,Systems,,
536,38570,NES,Nintendo NES Challenge Set Console,Systems,,
537,37130,NES,Nintendo NES Classic Edition,Systems,,
538,37198,NES,Nintendo NES Classic Edition Controller,Controllers,,
539,13743,NES,Nintendo NES Console,Systems,,
540,13805,NES,Nintendo NES Controller,Controllers,,
541,39977,NES,Nintendo NES Deluxe Set Console,Systems,,
542,40469,NES,Nintendo NES Power Set Console,Systems,,
543,38569,NES,Nintendo NES Sports Set Console,Systems,,
544,14933,NES,Nintendo World Championship,Action & Adventure,,
545,16173,NES,Nintendo World Championship Gold,Action & Adventure,,
546,38640,NES,Nintendo World Championship [25th Anniversary],Other,,
547,34873,NES,Nintendo World Championship [Reproduction],Action & Adventure,,
548,9492,NES,Nintendo World Cup,Soccer,,
549,9495,NES,Nobunaga's Ambition,Strategy,,
550,13108,NES,Nobunaga's Ambition 2,Strategy,,
551,12346,NES,North and South,Action & Adventure,,
552,12347,NES,ORB 3D,Action & Adventure,,
553,14281,NES,Operation Secret Storm,Action & Adventure,,
554,12348,NES,Operation Wolf,Action & Adventure,,
555,12349,NES,Othello,Puzzle,,
556,9516,NES,Overlord,Strategy,,
557,19390,NES,P'radikus Conflict,Strategy,,
558,12350,NES,POW Prisoners of War,Action & Adventure,,
559,9518,NES,Pac-Man [Namco],Action & Adventure,,
560,40508,NES,Pac-Man [Tengen Gray],Arcade,,
561,30882,NES,Pac-Man [Tengen],Arcade,,
562,12351,NES,Pac-Mania,Action & Adventure,,
563,16126,NES,Palamedes,Other,,
564,9523,NES,Panic Restaurant,Action & Adventure,,
565,9528,NES,Paperboy,Racing,,
566,9530,NES,Paperboy 2,Action & Adventure,,
567,14932,NES,Peek-a-Boo Poker,Action & Adventure,,
568,19452,NES,Pesterminator,Action & Adventure,,
569,12352,NES,Peter Pan and the Pirates,Action & Adventure,,
570,12353,NES,Phantom Fighter,Other,,
571,12354,NES,Pictionary,Other,,
572,12355,NES,Pin-Bot,Action & Adventure,,
573,12005,NES,Pinball,Arcade,,
574,12356,NES,Pinball Quest,Arcade,,
575,37979,NES,Pinball [5 Screw],Arcade,,
576,12357,NES,Pipe Dream,Puzzle,,
577,9558,NES,Pirates,Action & Adventure,,
578,12358,NES,Platoon,Action & Adventure,,
579,9566,NES,Play Action Football,Football,,
580,12359,NES,Popeye,Action & Adventure,,
581,37988,NES,Popeye [5 Screw],Action & Adventure,,
582,9574,NES,Power Blade,Action & Adventure,,
583,9575,NES,Power Blade 2,Action & Adventure,,
584,13715,NES,Power Glove,Controllers,,
585,13761,NES,Power Pad,Controllers,,
586,9577,NES,Power Punch II,Fighting,,
587,12360,NES,Predator,Action & Adventure,,
588,9584,NES,Prince of Persia,Action & Adventure,,
589,12361,NES,Princess Tomato in the Salad Kingdom,Action & Adventure,,
590,9592,NES,Pro Sports Hockey,Sports,,
591,12362,NES,Pro Wrestling,Wrestling,,
592,38001,NES,Pro Wrestling [5 Screw],Wrestling,,
593,12006,NES,Punch-Out,Sports,,
594,12364,NES,Puss N' Boots: Pero's Great Adventure,Action & Adventure,,
595,12365,NES,Puzzle,Puzzle,,
596,12366,NES,Puzznic,Puzzle,,
597,12367,NES,Pyramid,Action & Adventure,,
598,12368,NES,Q*bert,Arcade,,
599,12369,NES,Qix,Puzzle,,
600,12371,NES,Quattro Adventure,Action & Adventure,,
601,39524,NES,Quattro Adventure [Aladdin],Action & Adventure,,
602,19308,NES,Quattro Arcade,Arcade,,
603,12372,NES,Quattro Sports,Sports,,
604,39525,NES,Quattro Sports [Aladdin],Sports,,
605,21024,NES,Quickshot Joystick,Controllers,,
606,16260,NES,Quickshot Sighting Scope,Accessories,,
607,9635,NES,RBI Baseball,Baseball,,
608,12373,NES,RBI Baseball 2,Baseball,,
609,12374,NES,RBI Baseball 3,Baseball,,
610,39512,NES,RBI Baseball [Gray Cart],Baseball,,
611,12375,NES,RC Pro-AM,Racing,,
612,9639,NES,RC Pro-AM II,Racing,,
613,34135,NES,ROB the Robot,Accessories,,
614,9615,NES,Race America,Racing,,
615,30824,NES,Racermate Challenge II,Action & Adventure,,
616,12376,NES,Racket Attack,Sports,,
617,12378,NES,Rad Racer,Racing,,
618,12379,NES,Rad Racer II,Racing,,
619,38037,NES,Rad Racer [5 Screw],Racing,,
620,30982,NES,Rad Racket: Deluxe Tennis II,Sports,,
621,12380,NES,Raid 2020,Action & Adventure,,
622,12381,NES,Raid on Bungeling Bay,Action & Adventure,,
623,38025,NES,Raid on Bungeling Bay [5 Screw],Action & Adventure,,
624,12382,NES,Rainbow Islands,Action & Adventure,,
625,12383,NES,Rally Bike,Racing,,
626,12384,NES,Rambo,Action & Adventure,,
627,12385,NES,Rampage,Action & Adventure,,
628,9624,NES,Rampart,Racing,,
629,12387,NES,Renegade,Action & Adventure,,
630,12388,NES,Rescue the Embassy Mission,Action & Adventure,,
631,12389,NES,Ring King,Action & Adventure,,
632,38026,NES,Ring King [5 Screw],Sports,,
633,12390,NES,River City Ransom,Action & Adventure,,
634,12391,NES,Road Runner,Action & Adventure,,
635,12392,NES,RoadBlasters,Action & Adventure,,
636,9669,NES,Robin Hood Prince of Thieves,Action & Adventure,,
637,12393,NES,Robo Warrior,Action & Adventure,,
638,9671,NES,RoboCop 2,Action & Adventure,,
639,12394,NES,Robocop,Action & Adventure,,
640,9673,NES,Robocop 3,Action & Adventure,,
641,16141,NES,Robodemons,Action & Adventure,,
642,12395,NES,Rock 'n Ball,Action & Adventure,,
643,12396,NES,Rocket Ranger,Action & Adventure,,
644,9678,NES,Rockin' Kats,Action & Adventure,,
645,9681,NES,Roger Clemens' MVP Baseball,Baseball,,
646,12397,NES,Roller Games,Sports,,
647,12398,NES,Rollerball,Action & Adventure,,
648,9682,NES,Rollerblade Racer,Sports,,
649,12399,NES,Rolling Thunder,Action & Adventure,,
650,12400,NES,Romance of the Three Kingdoms,Strategy,,
651,12401,NES,Romance of the Three Kingdoms II,Strategy,,
652,9687,NES,Roundball 2-on-2 Challenge,Basketball,,
653,12402,NES,Rush'n Attack,Action & Adventure,,
654,38004,NES,Rush'n Attack [5 Screw],Action & Adventure,,
655,12403,NES,Rygar,Action & Adventure,,
656,38012,NES,Rygar [5 Screw],Action & Adventure,,
657,9697,NES,SCAT Special Cybernetic Attack Team,Action & Adventure,,
658,12404,NES,Secret Scout,Action & Adventure,,
659,12405,NES,Section Z,Action & Adventure,,
660,38013,NES,Section-Z [5 Screw],Action & Adventure,,
661,12406,NES,Seicross,Action & Adventure,,
662,13827,NES,Sesame Street 123,Other,,
663,12408,NES,Sesame Street ABC,Other,,
664,9720,NES,Sesame Street ABC and 123,Other,,
665,12409,NES,Sesame Street Big Bird's Hide and Speak,Other,,
666,9721,NES,Sesame Street Countdown,Other,,
667,12410,NES,Shadow of the Ninja,Action & Adventure,,
668,12411,NES,Shadowgate,Action & Adventure,,
669,40395,NES,Sharp Nintendo NES TV,Systems,,
670,9729,NES,Shatterhand,Action & Adventure,,
671,12412,NES,Shingen the Ruler,Action & Adventure,,
672,12413,NES,Shinobi,Action & Adventure,,
673,12414,NES,Shockwave,Action & Adventure,,
674,12415,NES,Shooting Range,Other,,
675,12416,NES,Short Order/Eggsplode,Action & Adventure,,
676,12417,NES,Side Pocket,Sports,,
677,12418,NES,Silent Assault,Action & Adventure,,
678,12419,NES,Silent Service,Action & Adventure,,
679,12420,NES,Silk Worm,Action & Adventure,,
680,12421,NES,Silver Surfer,Action & Adventure,,
681,12422,NES,Skate or Die,Extreme Sports,,
682,12423,NES,Skate or Die 2,Extreme Sports,,
683,12424,NES,Ski or Die,Extreme Sports,,
684,12425,NES,Skull and Crossbones,Action & Adventure,,
685,12426,NES,Sky Kid,Action & Adventure,,
686,38027,NES,Sky Kid [5 Screw],Action & Adventure,,
687,12427,NES,Sky Shark,Action & Adventure,,
688,12428,NES,Slalom,Sports,,
689,38019,NES,Slalom [5 Screw],Sports,,
690,9764,NES,Smash TV,Action & Adventure,,
691,12429,NES,Snake Rattle n Roll,Action & Adventure,,
692,9765,NES,Snake's Revenge,Action & Adventure,,
693,12430,NES,Snoopy Silly Sports,Sports,,
694,9768,NES,Snow Brothers,Puzzle,,
695,12007,NES,Soccer,Soccer,,
696,38002,NES,Soccer [5 Screw],Soccer,,
697,12431,NES,Solar Jetman,Action & Adventure,,
698,12432,NES,Solitaire,Other,,
699,12008,NES,Solomon's Key,Action & Adventure,,
700,38014,NES,Solomon's Key [5 Screw],Action & Adventure,,
701,9776,NES,Solstice,Puzzle,,
702,9803,NES,Space Shuttle,Other,,
703,12434,NES,Spelunker,Action & Adventure,,
704,38028,NES,Spelunker [5 Screw],Action & Adventure,,
705,10594,NES,Spiderman Return of the Sinister Six,Action & Adventure,,
706,12436,NES,Spiritual Warfare,Action & Adventure,,
707,9830,NES,Spot,Strategy,,
708,12437,NES,Spy Hunter,Action & Adventure,,
709,38029,NES,Spy Hunter [5 Screw],Racing,,
710,9832,NES,Spy vs. Spy,Action & Adventure,,
711,12438,NES,Sqoon,Action & Adventure,,
712,16127,NES,Stack Up,Other,,
713,9839,NES,Stanley The Search for Dr Livingston,Action & Adventure,,
714,12439,NES,Star Force,Action & Adventure,,
715,38042,NES,Star Force [5 Screw],Action & Adventure,,
716,12009,NES,Star Soldier,Other,,
717,9842,NES,Star Trek 25th Anniversary,Action & Adventure,,
718,9847,NES,Star Trek The Next Generation,Action & Adventure,,
719,9848,NES,Star Tropics,Strategy,,
720,10238,NES,Star Tropics II: Zoda's Revenge,RPG,,
721,12440,NES,Star Voyager,Action & Adventure,,
722,38031,NES,Star Voyager [5 Screw],Action & Adventure,,
723,9849,NES,Star Wars,Action & Adventure,,
724,9857,NES,Star Wars The Empire Strikes Back,Action & Adventure,,
725,12441,NES,Starship Hector,Action & Adventure,,
726,18720,NES,Stealth,Other,,
727,12443,NES,Stinger,Action & Adventure,,
728,12444,NES,Street Cop,Action & Adventure,,
729,12445,NES,Street Fighter 2010 the Final Fight,Fighting,,
730,12446,NES,Strider,Action & Adventure,,
731,12447,NES,Stunt Kids,Action & Adventure,,
732,19476,NES,Sunday Funday,Action & Adventure,,
733,9883,NES,Super C,Other,,
734,12448,NES,Super Cars,Racing,,
735,12449,NES,Super Dodge Ball,Sports,,
736,12450,NES,Super Glove Ball,Sports,,
737,9889,NES,Super Mario Bros,Action & Adventure,,
738,12010,NES,Super Mario Bros 2,Action & Adventure,,
739,9891,NES,Super Mario Bros 3,Action & Adventure,,
740,12452,NES,Super Mario Bros Duck Hunt World Class Track Meet,Action & Adventure,,
741,37981,NES,Super Mario Bros [5 Screw],Action & Adventure,,
742,12451,NES,Super Mario Bros and Duck Hunt,Action & Adventure,,
743,12453,NES,Super Off Road,Racing,,
744,12454,NES,Super Pitfall,Action & Adventure,,
745,38043,NES,Super Pitfall [5 Screw],Action & Adventure,,
746,9898,NES,Super Spike Volleyball,Sports,,
747,12455,NES,Super Spike Volleyball and World Cup Soccer,Sports,,
748,12456,NES,Super Sprint,Racing,,
749,9899,NES,Super Spy Hunter,Racing,,
750,12457,NES,Super Team Games,Sports,,
751,12458,NES,Superman,Action & Adventure,,
752,9913,NES,Swamp Thing,Action & Adventure,,
753,19306,NES,Sword Master,Action & Adventure,,
754,12459,NES,Swords and Serpents,Action & Adventure,,
755,12462,NES,Taboo the Sixth Sense,Action & Adventure,,
756,12463,NES,Tag Team Wrestling,Wrestling,,
757,37994,NES,Tag Team Wrestling [5 Screw],Wrestling,,
758,30846,NES,Tagin' Dragon,Action & Adventure,,
759,12162,NES,TaleSpin,Action & Adventure,,
760,12465,NES,Talking Super Jeopardy,Other,,
761,12466,NES,Target Renegade,Action & Adventure,,
762,12467,NES,Tecmo Baseball,Baseball,,
763,9929,NES,Tecmo Bowl,Football,,
764,9930,NES,Tecmo Cup Soccer,Soccer,,
765,9931,NES,Tecmo NBA Basketball,Basketball,,
766,9934,NES,Tecmo Super Bowl,Football,,
767,9938,NES,Tecmo World Wrestling,Wrestling,,
768,9941,NES,Teenage Mutant Ninja Turtles,Action & Adventure,,
769,12468,NES,Teenage Mutant Ninja Turtles II,Action & Adventure,,
770,9942,NES,Teenage Mutant Ninja Turtles III The Manhattan Project,Action & Adventure,,
771,9944,NES,Teenage Mutant Ninja Turtles Tournament Fighters,Fighting,,
772,12011,NES,Tennis,Sports,,
773,37982,NES,Tennis [5 Screw],Sports,,
774,9951,NES,Terminator,Action & Adventure,,
775,9953,NES,Terminator 2 Judgment Day,Action & Adventure,,
776,12469,NES,Terra Cresta,Action & Adventure,,
777,9964,NES,Tetris,Puzzle,,
778,9966,NES,Tetris 2,Puzzle,,
779,12595,NES,Tetris [Tengen],Puzzle,,
780,8471,NES,The Adventures of Rocky and Bullwinkle and Friends,Action & Adventure,,
781,12471,NES,The Goonies II,Action & Adventure,,
782,38040,NES,The Goonies II [5 Screw],Action & Adventure,,
783,12472,NES,The Guardian Legend,Action & Adventure,,
784,9990,NES,The Jungle Book,Action & Adventure,,
785,12474,NES,The Karate Kid,Action & Adventure,,
786,12475,NES,The Last Ninja,Action & Adventure,,
787,12477,NES,The Mafat Conspiracy,Action & Adventure,,
788,12478,NES,The Magic of Scheherazade,Action & Adventure,,
789,9997,NES,The Punisher,Action & Adventure,,
790,9648,NES,The Ren and Stimpy Show Buckeroos,Action & Adventure,,
791,9677,NES,The Rocketeer,Action & Adventure,,
792,12479,NES,The Simpsons Bart vs the Space Mutants,Action & Adventure,,
793,12197,NES,The Simpsons Bart vs the World,Action & Adventure,,
794,9751,NES,The Simpsons Bartman Meets Radioactive Man,Action & Adventure,,
795,12480,NES,The Three Stooges,Action & Adventure,,
796,12482,NES,The Uncanny X-Men,Action & Adventure,,
797,10096,NES,The Untouchables,Action & Adventure,,
798,12484,NES,Thunder and Lightning,Action & Adventure,,
799,12485,NES,Thunderbirds,Action & Adventure,,
800,12486,NES,Thundercade,Action & Adventure,,
801,12487,NES,Tiger-Heli,Other,,
802,38033,NES,Tiger-Heli [5 Screw],Action & Adventure,,
803,12488,NES,Tiles of Fate,Puzzle,,
804,12489,NES,Time Lord,Action & Adventure,,
805,10020,NES,Times of Lore,RPG,,
806,10021,NES,Tiny Toon Adventures,Action & Adventure,,
807,10022,NES,Tiny Toon Adventures 2 Trouble in Wackyland,Action & Adventure,,
808,10024,NES,Tiny Toon Adventures Cartoon Workshop,Action & Adventure,,
809,12490,NES,To the Earth,Action & Adventure,,
810,12491,NES,Toki,Action & Adventure,,
811,10035,NES,Tom and Jerry,Action & Adventure,,
812,12492,NES,Tombs and Treasure,Action & Adventure,,
813,12493,NES,Toobin',Action & Adventure,,
814,12494,NES,Top Gun,Action & Adventure,,
815,10052,NES,Top Gun The Second Mission,Other,,
816,38044,NES,Top Gun [5 Screw],Action & Adventure,,
817,13883,NES,Top Loading Nintendo NES Console,Systems,,
818,12495,NES,Top Players Tennis,Sports,,
819,10053,NES,Total Recall,Action & Adventure,,
820,12496,NES,Totally Rad,Racing,,
821,12497,NES,Touchdown Fever,Football,,
822,12483,NES,Town & Country II: Thrilla's Surfari,Action & Adventure,,
823,12461,NES,Town & Country Surf Designs: Wood and Water Rage,Sports,,
824,10056,NES,Toxic Crusaders,Action & Adventure,,
825,12498,NES,Track and Field,Sports,,
826,12499,NES,Track and Field II,Sports,,
827,38005,NES,Track and Field [5 Screw],Sports,,
828,10064,NES,Treasure Master,Action & Adventure,,
829,10068,NES,Trog,Action & Adventure,,
830,12500,NES,Trojan,Action & Adventure,,
831,38000,NES,Trojan [5 Screw],Action & Adventure,,
832,12501,NES,Trolls on Treasure Island,Action & Adventure,,
833,12502,NES,Twin Cobra,Action & Adventure,,
834,12503,NES,Twin Eagle,Action & Adventure,,
835,54274,NES,UForce,Controllers,,
836,12504,NES,Ultima Exodus,RPG,,
837,12505,NES,Ultima Quest of the Avatar,RPG,,
838,10080,NES,Ultima Warriors of Destiny,RPG,,
839,10081,NES,Ultimate Air Combat,Action & Adventure,,
840,12506,NES,Ultimate Basketball,Basketball,,
841,12507,NES,Ultimate League Soccer,Soccer,,
842,12481,NES,Ultimate Stuntman,Action & Adventure,,
843,10090,NES,Uncharted Waters,Strategy,,
844,10091,NES,Uninvited,Action & Adventure,,
845,12012,NES,Urban Champion,Action & Adventure,,
846,37989,NES,Urban Champion [5 Screw],Action & Adventure,,
847,12508,NES,Vegas Dream,Other,,
848,12509,NES,Venice Beach Volleyball,Sports,,
849,12510,NES,Vice Project Doom,Action & Adventure,,
850,10105,NES,Videomation,Other,,
851,12511,NES,Vindicators,Action & Adventure,,
852,12013,NES,Volleyball,Sports,,
853,38003,NES,Volleyball [5 Screw],Sports,,
854,12512,NES,WCW World Championship Wrestling,Wrestling,,
855,10214,NES,WWF King of the Ring,Wrestling,,
856,10221,NES,WWF Wrestlemania,Wrestling,,
857,13833,NES,WWF Wrestlemania Challenge,Wrestling,,
858,10218,NES,WWF Wrestlemania Steel Cage Challenge,Wrestling,,
859,10132,NES,Wacky Races,Racing,,
860,10133,NES,Wall Street Kid,Strategy,,
861,12513,NES,Wally Bear and the No Gang,Action & Adventure,,
862,10138,NES,Wario's Woods,Puzzle,,
863,12514,NES,Wayne Gretzky Hockey,Sports,,
864,10146,NES,Wayne's World,Action & Adventure,,
865,12515,NES,Werewolf,Action & Adventure,,
866,12517,NES,Wheel of Fortune,Other,,
867,12516,NES,Wheel of Fortune Family Edition,Other,,
868,10149,NES,Wheel of Fortune Featuring Vanna White,Other,,
869,12518,NES,Wheel of Fortune Junior Edition,Other,,
870,10152,NES,Where in Time is Carmen Sandiego,Action & Adventure,,
871,12519,NES,Where's Waldo,Other,,
872,12520,NES,Who Framed Roger Rabbit,Action & Adventure,,
873,12521,NES,Whomp 'Em,Action & Adventure,,
874,10154,NES,Widget,Action & Adventure,,
875,12522,NES,Wild Gunman,Other,,
876,37974,NES,Wild Gunman [5 Screw],Action & Adventure,,
877,12523,NES,Willow,Action & Adventure,,
878,12524,NES,Win Lose or Draw,Other,,
879,12525,NES,Winter Games,Sports,,
880,38034,NES,Winter Games [5 Screw],Sports,,
881,10166,NES,Wizardry: Knight of Diamonds Second Scenario,RPG,,
882,19592,NES,Wizardry: Proving Grounds of the Mad Overlord,RPG,,
883,12528,NES,Wizards and Warriors,RPG,,
884,10167,NES,Wizards and Warriors III Kuros Visions of Power,Action & Adventure,,
885,38046,NES,Wizards and Warriors [5 Screw],Action & Adventure,,
886,10169,NES,Wolverine,Action & Adventure,,
887,10172,NES,World Champ,Sports,,
888,12530,NES,World Class Track Meet,Sports,,
889,12532,NES,World Games,Sports,,
890,12533,NES,Wrath of the Black Manta,Action & Adventure,,
891,12014,NES,Wrecking Crew,Action & Adventure,,
892,37975,NES,Wrecking Crew [5 Screw],Action & Adventure,,
893,10208,NES,Wurm Journey to the Center of the Earth,Action & Adventure,,
894,12534,NES,Xenophobe,Action & Adventure,,
895,12015,NES,Xevious,Action & Adventure,,
896,12535,NES,Xexyz,Action & Adventure,,
897,12536,NES,Yo Noid,Action & Adventure,,
898,10228,NES,Yoshi,Puzzle,,
899,10229,NES,Yoshi's Cookie,Puzzle,,
900,10230,NES,Young Indiana Jones Chronicles,Action & Adventure,,
901,12016,NES,Zanac,Action & Adventure,,
902,38038,NES,Zanac [5 Screw],Action & Adventure,,
903,13716,NES,Zapper Light Gun,Controllers,,
904,10234,NES,Zelda II The Adventure of Link,RPG,,
905,38510,NES,Zelda II The Adventure of Link [Gray Cart],Action & Adventure,,
906,20786,NES,Zelda Test Cartridge,Other,,
907,10236,NES,Zen Intergalactic Ninja,Action & Adventure,,
908,10239,NES,Zombie Nation,Other,,