Id,SystemId,Title,Genre, CoverURL, Upc
12168,NES,10-Yard Fight,Football
37965,NES,10-Yard Fight [5 Screw],Football
12169,NES,1942,Other
37996,NES,1942 [5 Screw],Other
12170,NES,1943: The Battle of Midway,Other
8445,NES,3D WorldRunner,Action & Adventure
38021,NES,3D WorldRunner [5 Screw],Action & Adventure
12171,NES,720,Sports
12172,NES,8 Eyes,Action & Adventure
12173,NES,A Boy and His Blob Trouble on Blobolonia,Action & Adventure
12174,NES,A Nightmare on Elm Street,Action & Adventure
8451,NES,Abadox,Action & Adventure
8453,NES,Action 52,Action & Adventure
8455,NES,Addams Family,Action & Adventure
8456,NES,Addams Family Pugsley's Scavenger Hunt,Action & Adventure
8458,NES,Advanced Dungeons & Dragons Dragon Strike,Strategy
8459,NES,Advanced Dungeons & Dragons Heroes of the Lance,Strategy
8460,NES,Advanced Dungeons & Dragons Hillsfar,Strategy
8462,NES,Advanced Dungeons & Dragons Pool of Radiance,Strategy
8464,NES,Adventure Island,Action & Adventure
12176,NES,Adventure Island 3,Action & Adventure
8465,NES,Adventure Island II,Action & Adventure
8466,NES,Adventures in the Magic Kingdom,Action & Adventure
8468,NES,Adventures of Bayou Billy,Action & Adventure
12119,NES,Adventures of Captain Comic,Action & Adventure
12175,NES,Adventures of Dino Riki,Action & Adventure
11979,NES,Adventures of Lolo,Action & Adventure
11980,NES,Adventures of Lolo 2,Action & Adventure
8469,NES,Adventures of Lolo 3,Puzzle
12377,NES,Adventures of Rad Gravity,Action & Adventure
8472,NES,Adventures of Tom Sawyer,Action & Adventure
12177,NES,After Burner,Other
8488,NES,Air Fortress,Other
12178,NES,Airwolf,Action & Adventure
8491,NES,Al Unser Turbo Racing,Racing
39509,NES,Aladdin Deck Enhancer,Accessories
8493,NES,Alfred Chicken,Action & Adventure
8495,NES,Alien 3,Action & Adventure
12179,NES,Alien Syndrome,Action & Adventure
12180,NES,All-Pro Basketball,Basketball
12181,NES,Alpha Mission,Action & Adventure
38035,NES,Alpha Mission [5 Screw],Action & Adventure
12183,NES,Amagon,Action & Adventure
8507,NES,American Gladiators,Sports
12184,NES,Anticipation,Action & Adventure
12185,NES,Arch Rivals,Basketball
12186,NES,Archon,Action & Adventure
8527,NES,Arkanoid,Arcade
38015,NES,Arkanoid [5 Screw],Action & Adventure
37957,NES,Arkanoid [Controller Bundle],Arcade
16264,NES,Arkista's Ring,Action & Adventure
8538,NES,Astyanax,Action & Adventure
12187,NES,Athena,Action & Adventure
38016,NES,Athena [5 Screw],Action & Adventure
12188,NES,Athletic World,Sports
38009,NES,Athletic World [5 Screw],Sports
8541,NES,Attack of the Killer Tomatoes,Action & Adventure
12189,NES,Baby Boomer,Action & Adventure
12190,NES,Back to the Future,Action & Adventure
12191,NES,Back to the Future II and III,Action & Adventure
12192,NES,Bad Dudes,Action & Adventure
12193,NES,Bad News Baseball,Baseball
12194,NES,Bad Street Brawler,Fighting
11981,NES,Balloon Fight,Action & Adventure
37983,NES,Balloon Fight [5 Screw],Action & Adventure
12195,NES,Bandai Golf Challenge Pebble Beach,Sports
13109,NES,Bandit Kings of Ancient China,Strategy
8554,NES,Barbie,Action & Adventure
8559,NES,Bard's Tale,RPG
8560,NES,Barker Bill's Trick Shooting,Other
11982,NES,Baseball,Baseball
13843,NES,Baseball Simulator 1.000,Baseball
12198,NES,Baseball Stars,Baseball
8562,NES,Baseball Stars 2,Baseball
37966,NES,Baseball [5 Screw],Baseball
8564,NES,Bases Loaded,Baseball
8565,NES,Bases Loaded 2 Second Season,Baseball
12199,NES,Bases Loaded 3,Baseball
8566,NES,Bases Loaded 4,Baseball
8574,NES,Batman Returns,Action & Adventure
13844,NES,Batman The Video Game,Action & Adventure
8570,NES,Batman: Return of the Joker,Action & Adventure
12200,NES,Battle Chess,Strategy
12201,NES,Battle of Olympus,Action & Adventure
8582,NES,Battleship,Strategy
12202,NES,Battletank,Action & Adventure
8586,NES,Battletoads,Action & Adventure
8588,NES,Battletoads and Double Dragon The Ultimate Team,Action & Adventure
12203,NES,Bee 52,Action & Adventure
12204,NES,BeetleJuice,Action & Adventure
8600,NES,Best of the Best Championship Karate,Fighting
8603,NES,Bible Adventures,Action & Adventure
12205,NES,Bible Buffet,Other
12106,NES,Big Nose Freaks Out,Action & Adventure
39520,NES,Big Nose Freaks Out [Aladdin],Action & Adventure
16129,NES,Big Nose the Caveman,Action & Adventure
12206,NES,Bigfoot,Action & Adventure
8607,NES,Bill Elliott's NASCAR Challenge,Racing
8606,NES,Bill and Ted's Excellent Video Game,Action & Adventure
12107,NES,Bionic Commando,Action & Adventure
12108,NES,Black Bass,Sports
12109,NES,Blackjack,Other
8614,NES,Blades of Steel,Sports
39515,NES,Blades of Steel [Classic Series],Sports
12110,NES,Blaster Master,Action & Adventure
8625,NES,Blue Marlin,Sports
8627,NES,Blues Brothers,Action & Adventure
8628,NES,Bo Jackson Baseball,Baseball
12111,NES,Bomberman,Action & Adventure
8632,NES,Bomberman II,Puzzle
8636,NES,Bonk's Adventure,Action & Adventure
12112,NES,Boulder Dash,Action & Adventure
8643,NES,Bram Stoker's Dracula,Action & Adventure
8645,NES,Break Time The National Pool Tour,Sports
12113,NES,BreakThru,Puzzle
38039,NES,Breakthru [5 Screw],Action & Adventure
14930,NES,Bubble Bath Babes,Action & Adventure
11983,NES,Bubble Bobble,Action & Adventure
8654,NES,Bubble Bobble Part 2,Action & Adventure
8658,NES,Bucky O'Hare,Action & Adventure
8661,NES,Bugs Bunny Birthday Blowout,Action & Adventure
8662,NES,Bugs Bunny Crazy Castle,Action & Adventure
12114,NES,Bump 'n' Jump,Action & Adventure
12115,NES,Burai Fighter,Fighting
38006,NES,BurgerTime [5 Screw],Action & Adventure
12116,NES,Burgertime,Puzzle
12117,NES,Cabal,Action & Adventure
8683,NES,Caesar's Palace,Sports
12118,NES,California Games,Sports
8687,NES,California Raisins The Great Escape [Reproduction],Action & Adventure
14928,NES,Caltron 6-in-1,Action & Adventure
8695,NES,Captain America and the Avengers,Action & Adventure
8696,NES,Captain Planet and the Planeteers,Action & Adventure
12120,NES,Captain Skyhawk,Action & Adventure
12121,NES,Casino Kid,Other
8701,NES,Casino Kid II,Other
8702,NES,Castelian,Action & Adventure
12122,NES,Castle of Deceit,Action & Adventure
12123,NES,Castle of Dragon,Action & Adventure
12124,NES,Castlequest,Action & Adventure
8704,NES,Castlevania,Action & Adventure
11984,NES,Castlevania II Simon's Quest,Action & Adventure
8706,NES,Castlevania III Dracula's Curse,Action & Adventure
38007,NES,Castlevania [5 Screw],Action & Adventure
12126,NES,Caveman Games,Party
16130,NES,Challenge of the Dragon,Action & Adventure
8713,NES,Championship Bowling,Sports
8714,NES,Championship Pool,Sports
14927,NES,Cheetahmen II,Action & Adventure
8722,NES,Chessmaster,Strategy
8729,NES,Chiller,Action & Adventure
12127,NES,Chip and Dale Rescue Rangers,Action & Adventure
8730,NES,Chip and Dale Rescue Rangers 2,Action & Adventure
12128,NES,Chubby Cherub,Action & Adventure
12129,NES,Circus Caper,Action & Adventure
12130,NES,City Connection,Action & Adventure
12131,NES,Clash at Demonhead,Action & Adventure
12132,NES,Classic Concentration,Action & Adventure
38378,NES,Cleaning Kit,Accessories
8738,NES,Cliffhanger,Action & Adventure
12133,NES,Clu Clu Land,Action & Adventure
12134,NES,Cobra Command,Action & Adventure
8743,NES,Cobra Triangle,Action & Adventure
8747,NES,Code Name Viper,Action & Adventure
8753,NES,Color A Dinosaur,Other
12135,NES,Commando,Action & Adventure
37997,NES,Commando [5 Screw],Other
12136,NES,Conan the Mysteries of Time,Action & Adventure
12137,NES,Conflict,Action & Adventure
12138,NES,Conquest of the Crystal Palace,Action & Adventure
12139,NES,Contra,Action & Adventure
12140,NES,Contra Force,Action & Adventure
37258,NES,Control Deck Test Cartridge,Other
8764,NES,Cool World,Action & Adventure
12142,NES,Cowboy Kid,Action & Adventure
12143,NES,Crash 'n' the Boys: Street Challenge,Action & Adventure
8786,NES,Crystal Mines,Action & Adventure
12144,NES,Crystalis,Action & Adventure
8794,NES,Cyberball,Sports
8796,NES,Cybernoid The Fighting Machine,Action & Adventure
12145,NES,Cyberstadium Series Base Wars,Sports
8801,NES,Dance Aerobics,Other
8804,NES,Danny Sullivan's Indy Heat,Racing
8808,NES,Darkman,Action & Adventure
8810,NES,Darkwing Duck,Action & Adventure
12146,NES,Dash Galaxy in the Alien Asylum,Action & Adventure
8817,NES,Day Dreamin' Davey,Action & Adventure
8818,NES,Days Of Thunder,Racing
12147,NES,Deadly Towers,Action & Adventure
38022,NES,Deadly Towers [5 Screw],Action & Adventure
12148,NES,Death Race,Racing
12149,NES,Deathbots,Action & Adventure
12150,NES,Defender II,Action & Adventure
12151,NES,Defender of the Crown,Action & Adventure
8836,NES,Defenders of Dynatron City,Action & Adventure
12152,NES,Deja Vu,Action & Adventure
12153,NES,Demon Sword,Action & Adventure
12154,NES,Desert Commander,Action & Adventure
12155,NES,Destination Earthstar,Other
12156,NES,Destiny of an Emperor,Action & Adventure
12157,NES,Dick Tracy,Action & Adventure
8841,NES,Die Hard,Action & Adventure
12159,NES,Dig Dug II: Trouble in Paradise,Action & Adventure
12160,NES,Digger T Rock,Action & Adventure
12161,NES,Dirty Harry,Action & Adventure
39508,NES,Dizzy the Adventurer,Puzzle
21555,NES,Dogbone Controller,Controllers
11985,NES,Donkey Kong,Action & Adventure
12163,NES,Donkey Kong 3,Action & Adventure
37986,NES,Donkey Kong 3 [5 Screw],Action & Adventure
12164,NES,Donkey Kong Classics,Action & Adventure
11986,NES,Donkey Kong Jr,Action & Adventure
11987,NES,Donkey Kong Jr Math,Other
37968,NES,Donkey Kong Jr Math [5 Screw],Action & Adventure
37985,NES,Donkey Kong Jr [5 Screw],Action & Adventure
37984,NES,Donkey Kong [5 Screw],Action & Adventure
12167,NES,Double Dare,Action & Adventure
12207,NES,Double Dragon,Action & Adventure
12208,NES,Double Dragon II,Action & Adventure
12209,NES,Double Dragon III,Action & Adventure
11988,NES,Double Dribble,Basketball
38023,NES,Double Dribble [5 Screw],Basketball
12210,NES,Double Strike,Action & Adventure
12211,NES,Dr Chaos,Action & Adventure
12212,NES,Dr Jekyll and Mr Hyde,Action & Adventure
8859,NES,Dr. Mario,Puzzle
8864,NES,Dragon Fighter,Action & Adventure
12213,NES,Dragon Power,Action & Adventure
12214,NES,Dragon Spirit,Action & Adventure
12216,NES,Dragon Warrior,RPG
12215,NES,Dragon Warrior II,RPG
8868,NES,Dragon Warrior III,RPG
8869,NES,Dragon Warrior IV,RPG
12217,NES,Dragon's Lair the Legend,Action & Adventure
12218,NES,Duck Hunt,Other
37976,NES,Duck Hunt [5 Screw],Action & Adventure
12219,NES,Duck Tales,Action & Adventure
8878,NES,Duck Tales 2,Action & Adventure
34156,NES,Duck Tales Gold Cartridge,Action & Adventure
12220,NES,Dudes with Attitude,Action & Adventure
12221,NES,Dungeon Magic,RPG
12222,NES,Dusty Diamond's All-Star Softball,Baseball
8889,NES,Dynowarz The Destruction of Spondylus,Action & Adventure
11989,NES,Elevator Action,Puzzle
38017,NES,Elevator Action [5 Screw],Action & Adventure
8906,NES,Eliminator Boat Duel,Racing
11990,NES,Excitebike,Racing
37977,NES,Excitebike [5 Screw],Racing
12223,NES,Exodus Journey to the Promised Land,RPG
8928,NES,F-117A Stealth Fighter,Other
19760,NES,F-15 City War,Action & Adventure
8929,NES,F-15 Strike Eagle,Action & Adventure
8935,NES,Family Feud,Other
45059,NES,Family Fun Fitness Pad,Controllers
12224,NES,Family Fun Fitness Stadium Events,Sports
12225,NES,Fantastic Adventures of Dizzy,Action & Adventure
39521,NES,Fantastic Adventures of Dizzy [Aladdin],Action & Adventure
12226,NES,Fantasy Zone,Action & Adventure
8939,NES,Faria,RPG
13717,NES,Faxanadu,Action & Adventure
8948,NES,Felix the Cat,Action & Adventure
8949,NES,Ferrari Grand Prix Challenge,Racing
8950,NES,Fester's Quest,Action & Adventure
8970,NES,Final Fantasy,RPG
8975,NES,Fire 'N Ice,Puzzle
12229,NES,Firehawk,Action & Adventure
12230,NES,Fisher Price I Can Remember,Other
12231,NES,Fisher Price Perfect Fit,Other
8976,NES,Fisher-Price Firehouse Rescue,Action & Adventure
12232,NES,Fist of the North Star,Fighting
8981,NES,Flight of the Intruder,Action & Adventure
13107,NES,Flintstones Surprise at Dinosaur Peak,Action & Adventure
8983,NES,Flintstones The Rescue of Dino and Hoppy,Action & Adventure
12234,NES,Flying Dragon,Action & Adventure
12235,NES,Flying Warriors,Action & Adventure
14550,NES,Formula One Built To Win,Racing
12236,NES,Frankenstein the Monster Returns,Action & Adventure
12237,NES,Freedom Force,Action & Adventure
12238,NES,Friday the 13th,Action & Adventure
12239,NES,Fun House,Action & Adventure
12240,NES,G.I. Joe: A Real American Hero,Action & Adventure
9034,NES,GI Joe The Atlantis Factor,Action & Adventure
32330,NES,Galactic Crusader,Action & Adventure
11991,NES,Galaga: Demons of Death,Other
12242,NES,Galaxy 5000,Action & Adventure
52012,NES,Galf,Sports
52013,NES,Galf [White],Sports
13192,NES,Game Genie,Accessories
37040,NES,Game Genie Top Loader Adaptor,Accessories
9012,NES,Gargoyle's Quest II The Demon Darkness,Action & Adventure
12243,NES,Gauntlet,Action & Adventure
9013,NES,Gauntlet II,Action & Adventure
39511,NES,Gauntlet [Gray Cart],Action & Adventure
9018,NES,Gemfire,Strategy
12244,NES,Genghis Khan,Action & Adventure
9025,NES,George Foreman's KO Boxing,Sports
9029,NES,Ghost Lion,RPG
12245,NES,Ghostbusters,Action & Adventure
9032,NES,Ghostbusters II,Action & Adventure
11992,NES,Ghosts 'n Goblins,Action & Adventure
37998,NES,Ghosts 'n Goblins [5 Screw],Action & Adventure
9033,NES,Ghoul School,Action & Adventure
12247,NES,Gilligan's Island,Action & Adventure
12248,NES,Goal,Soccer
9039,NES,Goal Two,Soccer
12249,NES,Godzilla,Action & Adventure
9042,NES,Godzilla 2,Strategy
9045,NES,Gold Medal Challenge '92,Sports
9050,NES,Golf,Sports
9051,NES,Golf Grand Slam,Sports
37969,NES,Golf [5 Screw],Sports
12250,NES,Golgo 13 Top Secret Episode,Action & Adventure
12251,NES,Gotcha,Action & Adventure
39516,NES,Gotcha [5 Screw],Action & Adventure
11993,NES,Gradius,Other
37999,NES,Gradius [5 Screw],Other
9063,NES,Great Waldo Search,Puzzle
9068,NES,Greg Norman's Golf Power,Sports
12252,NES,Gremlins 2,Action & Adventure
12253,NES,Guerrilla War,Action & Adventure
12254,NES,Gumshoe,Action & Adventure
37990,NES,Gumshoe [5 Screw],Other
12255,NES,Gun-Nac,Action & Adventure
12256,NES,Gun.Smoke,Action & Adventure
12257,NES,Gyromite,Action & Adventure
37970,NES,Gyromite [5 Screw],Other
37958,NES,Gyromite [ROB Bundle],Action & Adventure
12258,NES,Gyruss,Action & Adventure
12259,NES,Harlem Globetrotters,Basketball
9097,NES,Hatris,Puzzle
12260,NES,Heavy Barrel,Action & Adventure
12261,NES,Heavy Shreddin',Action & Adventure
9109,NES,High Speed,Arcade
12262,NES,Hogan's Alley,Other
37971,NES,Hogan's Alley [5 Screw],Other
9115,NES,Hollywood Squares,Other
9117,NES,Home Alone,Action & Adventure
9119,NES,Home Alone 2 Lost In New York,Action & Adventure
9121,NES,Hook,Action & Adventure
12263,NES,Hoops,Basketball
14931,NES,Hot Slots,Action & Adventure
9132,NES,Hudson Hawk,Action & Adventure
9133,NES,Hunt for Red October,Action & Adventure
12264,NES,Hydlide,Action & Adventure
11994,NES,Ice Climber,Action & Adventure
37972,NES,Ice Climber [5 Screw],Action & Adventure
11995,NES,Ice Hockey,Sports
12265,NES,Ikari Warriors,Action & Adventure
12266,NES,Ikari Warriors II,Action & Adventure
12267,NES,Ikari Warriors III,Action & Adventure
38008,NES,Ikari Warriors [5 Screw],Action & Adventure
12268,NES,Image Fight,Fighting
9138,NES,Immortal,RPG
12269,NES,Impossible Mission II,Action & Adventure
44966,NES,Impossible Mission II [AVE],Action & Adventure
39510,NES,Impossible Mission II [SEI],Action & Adventure
9143,NES,Incredible Crash Dummies,Action & Adventure
12270,NES,Indiana Jones and the Last Crusade,Action & Adventure
30748,NES,Indiana Jones and the Last Crusade [Ubisoft],Action & Adventure
12271,NES,Indiana Jones and the Temple of Doom,Action & Adventure
39513,NES,Indiana Jones and the Temple of Doom [Tengen],Action & Adventure
12272,NES,Infiltrator,Action & Adventure
12274,NES,Iron Sword Wizards and Warriors II,RPG
12273,NES,Iron Tank,Action & Adventure
12275,NES,Isolated Warrior,Action & Adventure
9155,NES,Jack Nicklaus Golf,Sports
12276,NES,Jackal,Action & Adventure
12277,NES,Jackie Chan's Action Kung Fu,Action & Adventure
9161,NES,James Bond Jr,Action & Adventure
12278,NES,Jaws,Action & Adventure
39519,NES,Jaws [5 Screw],Action & Adventure
9169,NES,Jeopardy,Other
9170,NES,Jeopardy 25th Anniversary,Other
9172,NES,Jeopardy Jr,Other
9176,NES,Jetsons Cogswell's Caper,Action & Adventure
9177,NES,Jimmy Connors Tennis,Sports
9179,NES,Joe and Mac,Action & Adventure
12279,NES,John Elway's Quarterback,Football
12280,NES,Jordan vs Bird One on One,Basketball
12281,NES,Joshua: The Battle of Jericho,Action & Adventure
12282,NES,Journey to Silius,Action & Adventure
12283,NES,Joust,Action & Adventure
9190,NES,Jurassic Park,Action & Adventure
12284,NES,Kabuki Quantum Fighter,Fighting
12285,NES,Karate Champ,Fighting
39518,NES,Karate Champ [5 Screw],Sports
12286,NES,Karnov,Action & Adventure
9204,NES,Kick Master,Action & Adventure
12287,NES,Kickle Cubicle,Action & Adventure
11996,NES,Kid Icarus,Action & Adventure
38010,NES,Kid Icarus [5 Screw],Action & Adventure
9205,NES,Kid Klown in Night Mayor World,Action & Adventure
12288,NES,Kid Kool,Action & Adventure
12289,NES,Kid Niki Radical Ninja,Action & Adventure
38041,NES,Kid Niki Radical Ninja [5 Screw],Action & Adventure
16437,NES,King Neptune's Adventure,Action & Adventure
12290,NES,King of Kings,RPG
9212,NES,King's Knight,Strategy
12291,NES,King's Quest V,RPG
12292,NES,Kings of the Beach,Sports
9213,NES,Kirby's Adventure,Action & Adventure
12293,NES,Kiwi Kraze,Action & Adventure
12294,NES,Klash Ball,Sports
12295,NES,Klax,Puzzle
12296,NES,Knight Rider,Racing
12297,NES,Krazy Kreatures,Action & Adventure
12298,NES,Krion Conquest,Action & Adventure
9217,NES,Krusty's Fun House,Puzzle
12299,NES,Kung Fu,Fighting
12300,NES,Kung Fu Heroes,Fighting
37973,NES,Kung Fu [5 Screw],Action & Adventure
9242,NES,L'Empereur,Strategy
9222,NES,Laser Invasion,Action & Adventure
19472,NES,Laserscope,Accessories
9224,NES,Last Action Hero,Action & Adventure
12301,NES,Last Starfighter,Action & Adventure
12302,NES,Lee Trevino's Fighting Golf,Sports
12303,NES,Legacy of the Wizard,RPG
11997,NES,Legend of Kage,Action & Adventure
38018,NES,Legend of Kage [5 Screw],Action & Adventure
9236,NES,Legend of Zelda,Strategy
38020,NES,Legend of Zelda [5 Screw],Action & Adventure
38512,NES,Legend of Zelda [Gray Cart],Action & Adventure
12304,NES,Legendary Wings,Other
12305,NES,Legends of the Diamond,Baseball
9240,NES,Lemmings,Puzzle
9245,NES,Lethal Weapon,Action & Adventure
12306,NES,Life Force,Action & Adventure
12307,NES,Linus Spacehead's Cosmic Adventure,Action & Adventure
39522,NES,Linus Spacehead's Cosmic Adventure [Aladdin],Action & Adventure
12308,NES,Little League Baseball,Baseball
9248,NES,Little Mermaid,Action & Adventure
9249,NES,Little Nemo The Dream Master,Action & Adventure
12309,NES,Little Ninja Brothers,Action & Adventure
9250,NES,Little Samson,Action & Adventure
11998,NES,Lode Runner,Action & Adventure
38024,NES,Lode Runner [5 Screw],Action & Adventure
9253,NES,Lone Ranger,Action & Adventure
12310,NES,Loopz,Puzzle
12311,NES,Low G Man,Action & Adventure
9260,NES,Lunar Pool,Sports
38036,NES,Lunar Pool [5 Screw],Sports
9307,NES,M.C. Kids,Action & Adventure
9387,NES,M.U.L.E.,Other
12386,NES,MTV Remote Control,Action & Adventure
12312,NES,MUSCLE,Action & Adventure
11999,NES,Mach Rider,Racing
37978,NES,Mach Rider [5 Screw],Racing
12313,NES,Mad Max,Action & Adventure
9275,NES,Magic Darts,Sports
12227,NES,Magic Johnson's Fast Break,Basketball
12314,NES,Magician,Action & Adventure
12315,NES,Magmax,Action & Adventure
12316,NES,Major League Baseball,Baseball
12317,NES,Maniac Mansion,Action & Adventure
13766,NES,Mappy-Land,Action & Adventure
12319,NES,Marble Madness,Puzzle
12000,NES,Mario Bros,Action & Adventure
37987,NES,Mario Bros [5 Screw],Action & Adventure
9287,NES,Mario Is Missing,Action & Adventure
9289,NES,Mario's Time Machine,Action & Adventure
12321,NES,Master Chu and the Drunkard Hu,Action & Adventure
14925,NES,Maxi 15,Action & Adventure
12322,NES,Mechanized Attack,Action & Adventure
9314,NES,Mega Man,Action & Adventure
37373,NES,Mega Man 10,Action & Adventure
12323,NES,Mega Man 2,Action & Adventure
53798,NES,Mega Man 2 [30th Anniversary Edition],Action & Adventure
9315,NES,Mega Man 3,Action & Adventure
12324,NES,Mega Man 4,Action & Adventure
9316,NES,Mega Man 5,Action & Adventure
9317,NES,Mega Man 6,Action & Adventure
34155,NES,Mega Man 9 Press Kit,Action & Adventure
38045,NES,Mega Man [5 Screw],Action & Adventure
16294,NES,Megacom 76,Other
12325,NES,Menace Beach,Action & Adventure
12326,NES,Mendel Palace,Action & Adventure
12327,NES,Mermaids of Atlantis,Action & Adventure
12328,NES,Metal Fighter,Fighting
12329,NES,Metal Gear,Action & Adventure
12330,NES,Metal Mech,Action & Adventure
12331,NES,Metal Storm,Action & Adventure
9331,NES,Metroid,Action & Adventure
37991,NES,Metroid [5 Screw],Action & Adventure
38511,NES,Metroid [Yellow Label],Action & Adventure
12332,NES,Michael Andretti's World GP,Racing
9337,NES,Mickey Mousecapade,Action & Adventure
9338,NES,Mickey's Adventure in Numberland,Action & Adventure
9339,NES,Mickey's Safari in Letterland,Action & Adventure
12333,NES,Micro Machines,Racing
39523,NES,Micro Machines [Aladdin],Racing
12334,NES,Mig 29,Other
9349,NES,Might and Magic,Strategy
12002,NES,Mighty Bomb Jack,Action & Adventure
38011,NES,Mighty Bomb Jack [5 Screw],Action & Adventure
9351,NES,Mighty Final Fight,Action & Adventure
12001,NES,Mike Tyson's Punch-Out,Sports
39517,NES,Mike Tyson's Punch-Out [5 Screw],Sports
12336,NES,Millipede,Arcade
12003,NES,Milon's Secret Castle,Action & Adventure
12337,NES,Miracle Piano,Music
50113,NES,Miracle Piano Keyboard,Accessories
19303,NES,Mission Cobra,Other
9358,NES,Mission Impossible,Action & Adventure
9366,NES,Monopoly,Strategy
12338,NES,Monster Party,Action & Adventure
12339,NES,Monster Truck Rally,Racing
12340,NES,Monster in My Pocket,Action & Adventure
21116,NES,Moon Ranger,Action & Adventure
9377,NES,Motor City Patrol,Action & Adventure
9382,NES,Ms. Pac-Man (Namco),Action & Adventure
30883,NES,Ms. Pac-Man [Tengen],Arcade
12341,NES,Muppet Adventure,Action & Adventure
9390,NES,Mutant Virus,Action & Adventure
14929,NES,Myriad 6-in-1,Action & Adventure
12342,NES,Mystery Quest,Action & Adventure
12343,NES,NARC,Action & Adventure
16388,NES,NES Advantage Controller,Controllers
16389,NES,NES Four Score,Accessories
21587,NES,NES Max Controller,Controllers
9449,NES,NES Open Tournament Golf,Sports
19364,NES,NES Satellite 4 Controller Port,Accessories
9459,NES,NFL Football,Football
21251,NES,NTF2 Test Cartridge,Other
9483,NES,Nigel Mansell's World Championship Racing,Racing
9487,NES,Nightshade,Action & Adventure
12344,NES,Ninja Crusaders,Action & Adventure
9488,NES,Ninja Gaiden,Action & Adventure
12004,NES,Ninja Gaiden II The Dark Sword of Chaos,Action & Adventure
9490,NES,Ninja Gaiden III Ancient Ship of Doom,Action & Adventure
12345,NES,Ninja Kid,Action & Adventure
37995,NES,Ninja Kid [5 Screw],Action & Adventure
19387,NES,Nintendo Campus Challenge 1991,Other
34874,NES,Nintendo Campus Challenge 1991 [Reproduction],Action & Adventure
38568,NES,Nintendo NES Action Set Console,Systems
38570,NES,Nintendo NES Challenge Set Console,Systems
37130,NES,Nintendo NES Classic Edition,Systems
37198,NES,Nintendo NES Classic Edition Controller,Controllers
13743,NES,Nintendo NES Console,Systems
13805,NES,Nintendo NES Controller,Controllers
39977,NES,Nintendo NES Deluxe Set Console,Systems
40469,NES,Nintendo NES Power Set Console,Systems
38569,NES,Nintendo NES Sports Set Console,Systems
14933,NES,Nintendo World Championship,Action & Adventure
16173,NES,Nintendo World Championship Gold,Action & Adventure
38640,NES,Nintendo World Championship [25th Anniversary],Other
34873,NES,Nintendo World Championship [Reproduction],Action & Adventure
9492,NES,Nintendo World Cup,Soccer
9495,NES,Nobunaga's Ambition,Strategy
13108,NES,Nobunaga's Ambition 2,Strategy
12346,NES,North and South,Action & Adventure
12347,NES,ORB 3D,Action & Adventure
14281,NES,Operation Secret Storm,Action & Adventure
12348,NES,Operation Wolf,Action & Adventure
12349,NES,Othello,Puzzle
9516,NES,Overlord,Strategy
19390,NES,P'radikus Conflict,Strategy
12350,NES,POW Prisoners of War,Action & Adventure
9518,NES,Pac-Man [Namco],Action & Adventure
40508,NES,Pac-Man [Tengen Gray],Arcade
30882,NES,Pac-Man [Tengen],Arcade
12351,NES,Pac-Mania,Action & Adventure
16126,NES,Palamedes,Other
9523,NES,Panic Restaurant,Action & Adventure
9528,NES,Paperboy,Racing
9530,NES,Paperboy 2,Action & Adventure
14932,NES,Peek-a-Boo Poker,Action & Adventure
19452,NES,Pesterminator,Action & Adventure
12352,NES,Peter Pan and the Pirates,Action & Adventure
12353,NES,Phantom Fighter,Other
12354,NES,Pictionary,Other
12355,NES,Pin-Bot,Action & Adventure
12005,NES,Pinball,Arcade
12356,NES,Pinball Quest,Arcade
37979,NES,Pinball [5 Screw],Arcade
12357,NES,Pipe Dream,Puzzle
9558,NES,Pirates,Action & Adventure
12358,NES,Platoon,Action & Adventure
9566,NES,Play Action Football,Football
12359,NES,Popeye,Action & Adventure
37988,NES,Popeye [5 Screw],Action & Adventure
9574,NES,Power Blade,Action & Adventure
9575,NES,Power Blade 2,Action & Adventure
13715,NES,Power Glove,Controllers
13761,NES,Power Pad,Controllers
9577,NES,Power Punch II,Fighting
12360,NES,Predator,Action & Adventure
9584,NES,Prince of Persia,Action & Adventure
12361,NES,Princess Tomato in the Salad Kingdom,Action & Adventure
9592,NES,Pro Sports Hockey,Sports
12362,NES,Pro Wrestling,Wrestling
38001,NES,Pro Wrestling [5 Screw],Wrestling
12006,NES,Punch-Out,Sports
12364,NES,Puss N' Boots: Pero's Great Adventure,Action & Adventure
12365,NES,Puzzle,Puzzle
12366,NES,Puzznic,Puzzle
12367,NES,Pyramid,Action & Adventure
12368,NES,Q*bert,Arcade
12369,NES,Qix,Puzzle
12371,NES,Quattro Adventure,Action & Adventure
39524,NES,Quattro Adventure [Aladdin],Action & Adventure
19308,NES,Quattro Arcade,Arcade
12372,NES,Quattro Sports,Sports
39525,NES,Quattro Sports [Aladdin],Sports
21024,NES,Quickshot Joystick,Controllers
16260,NES,Quickshot Sighting Scope,Accessories
9635,NES,RBI Baseball,Baseball
12373,NES,RBI Baseball 2,Baseball
12374,NES,RBI Baseball 3,Baseball
39512,NES,RBI Baseball [Gray Cart],Baseball
12375,NES,RC Pro-AM,Racing
9639,NES,RC Pro-AM II,Racing
34135,NES,ROB the Robot,Accessories
9615,NES,Race America,Racing
30824,NES,Racermate Challenge II,Action & Adventure
12376,NES,Racket Attack,Sports
12378,NES,Rad Racer,Racing
12379,NES,Rad Racer II,Racing
38037,NES,Rad Racer [5 Screw],Racing
30982,NES,Rad Racket: Deluxe Tennis II,Sports
12380,NES,Raid 2020,Action & Adventure
12381,NES,Raid on Bungeling Bay,Action & Adventure
38025,NES,Raid on Bungeling Bay [5 Screw],Action & Adventure
12382,NES,Rainbow Islands,Action & Adventure
12383,NES,Rally Bike,Racing
12384,NES,Rambo,Action & Adventure
12385,NES,Rampage,Action & Adventure
9624,NES,Rampart,Racing
12387,NES,Renegade,Action & Adventure
12388,NES,Rescue the Embassy Mission,Action & Adventure
12389,NES,Ring King,Action & Adventure
38026,NES,Ring King [5 Screw],Sports
12390,NES,River City Ransom,Action & Adventure
12391,NES,Road Runner,Action & Adventure
12392,NES,RoadBlasters,Action & Adventure
9669,NES,Robin Hood Prince of Thieves,Action & Adventure
12393,NES,Robo Warrior,Action & Adventure
9671,NES,RoboCop 2,Action & Adventure
12394,NES,Robocop,Action & Adventure
9673,NES,Robocop 3,Action & Adventure
16141,NES,Robodemons,Action & Adventure
12395,NES,Rock 'n Ball,Action & Adventure
12396,NES,Rocket Ranger,Action & Adventure
9678,NES,Rockin' Kats,Action & Adventure
9681,NES,Roger Clemens' MVP Baseball,Baseball
12397,NES,Roller Games,Sports
12398,NES,Rollerball,Action & Adventure
9682,NES,Rollerblade Racer,Sports
12399,NES,Rolling Thunder,Action & Adventure
12400,NES,Romance of the Three Kingdoms,Strategy
12401,NES,Romance of the Three Kingdoms II,Strategy
9687,NES,Roundball 2-on-2 Challenge,Basketball
12402,NES,Rush'n Attack,Action & Adventure
38004,NES,Rush'n Attack [5 Screw],Action & Adventure
12403,NES,Rygar,Action & Adventure
38012,NES,Rygar [5 Screw],Action & Adventure
9697,NES,SCAT Special Cybernetic Attack Team,Action & Adventure
12404,NES,Secret Scout,Action & Adventure
12405,NES,Section Z,Action & Adventure
38013,NES,Section-Z [5 Screw],Action & Adventure
12406,NES,Seicross,Action & Adventure
13827,NES,Sesame Street 123,Other
12408,NES,Sesame Street ABC,Other
9720,NES,Sesame Street ABC and 123,Other
12409,NES,Sesame Street Big Bird's Hide and Speak,Other
9721,NES,Sesame Street Countdown,Other
12410,NES,Shadow of the Ninja,Action & Adventure
12411,NES,Shadowgate,Action & Adventure
40395,NES,Sharp Nintendo NES TV,Systems
9729,NES,Shatterhand,Action & Adventure
12412,NES,Shingen the Ruler,Action & Adventure
12413,NES,Shinobi,Action & Adventure
12414,NES,Shockwave,Action & Adventure
12415,NES,Shooting Range,Other
12416,NES,Short Order/Eggsplode,Action & Adventure
12417,NES,Side Pocket,Sports
12418,NES,Silent Assault,Action & Adventure
12419,NES,Silent Service,Action & Adventure
12420,NES,Silk Worm,Action & Adventure
12421,NES,Silver Surfer,Action & Adventure
12422,NES,Skate or Die,Extreme Sports
12423,NES,Skate or Die 2,Extreme Sports
12424,NES,Ski or Die,Extreme Sports
12425,NES,Skull and Crossbones,Action & Adventure
12426,NES,Sky Kid,Action & Adventure
38027,NES,Sky Kid [5 Screw],Action & Adventure
12427,NES,Sky Shark,Action & Adventure
12428,NES,Slalom,Sports
38019,NES,Slalom [5 Screw],Sports
9764,NES,Smash TV,Action & Adventure
12429,NES,Snake Rattle n Roll,Action & Adventure
9765,NES,Snake's Revenge,Action & Adventure
12430,NES,Snoopy Silly Sports,Sports
9768,NES,Snow Brothers,Puzzle
12007,NES,Soccer,Soccer
38002,NES,Soccer [5 Screw],Soccer
12431,NES,Solar Jetman,Action & Adventure
12432,NES,Solitaire,Other
12008,NES,Solomon's Key,Action & Adventure
38014,NES,Solomon's Key [5 Screw],Action & Adventure
9776,NES,Solstice,Puzzle
9803,NES,Space Shuttle,Other
12434,NES,Spelunker,Action & Adventure
38028,NES,Spelunker [5 Screw],Action & Adventure
10594,NES,Spiderman Return of the Sinister Six,Action & Adventure
12436,NES,Spiritual Warfare,Action & Adventure
9830,NES,Spot,Strategy
12437,NES,Spy Hunter,Action & Adventure
38029,NES,Spy Hunter [5 Screw],Racing
9832,NES,Spy vs. Spy,Action & Adventure
12438,NES,Sqoon,Action & Adventure
16127,NES,Stack Up,Other
9839,NES,Stanley The Search for Dr Livingston,Action & Adventure
12439,NES,Star Force,Action & Adventure
38042,NES,Star Force [5 Screw],Action & Adventure
12009,NES,Star Soldier,Other
9842,NES,Star Trek 25th Anniversary,Action & Adventure
9847,NES,Star Trek The Next Generation,Action & Adventure
9848,NES,Star Tropics,Strategy
10238,NES,Star Tropics II: Zoda's Revenge,RPG
12440,NES,Star Voyager,Action & Adventure
38031,NES,Star Voyager [5 Screw],Action & Adventure
9849,NES,Star Wars,Action & Adventure
9857,NES,Star Wars The Empire Strikes Back,Action & Adventure
12441,NES,Starship Hector,Action & Adventure
18720,NES,Stealth,Other
12443,NES,Stinger,Action & Adventure
12444,NES,Street Cop,Action & Adventure
12445,NES,Street Fighter 2010 the Final Fight,Fighting
12446,NES,Strider,Action & Adventure
12447,NES,Stunt Kids,Action & Adventure
19476,NES,Sunday Funday,Action & Adventure
9883,NES,Super C,Other
12448,NES,Super Cars,Racing
12449,NES,Super Dodge Ball,Sports
12450,NES,Super Glove Ball,Sports
9889,NES,Super Mario Bros,Action & Adventure
12010,NES,Super Mario Bros 2,Action & Adventure
9891,NES,Super Mario Bros 3,Action & Adventure
12452,NES,Super Mario Bros Duck Hunt World Class Track Meet,Action & Adventure
37981,NES,Super Mario Bros [5 Screw],Action & Adventure
12451,NES,Super Mario Bros and Duck Hunt,Action & Adventure
12453,NES,Super Off Road,Racing
12454,NES,Super Pitfall,Action & Adventure
38043,NES,Super Pitfall [5 Screw],Action & Adventure
9898,NES,Super Spike Volleyball,Sports
12455,NES,Super Spike Volleyball and World Cup Soccer,Sports
12456,NES,Super Sprint,Racing
9899,NES,Super Spy Hunter,Racing
12457,NES,Super Team Games,Sports
12458,NES,Superman,Action & Adventure
9913,NES,Swamp Thing,Action & Adventure
19306,NES,Sword Master,Action & Adventure
12459,NES,Swords and Serpents,Action & Adventure
12462,NES,Taboo the Sixth Sense,Action & Adventure
12463,NES,Tag Team Wrestling,Wrestling
37994,NES,Tag Team Wrestling [5 Screw],Wrestling
30846,NES,Tagin' Dragon,Action & Adventure
12162,NES,TaleSpin,Action & Adventure
12465,NES,Talking Super Jeopardy,Other
12466,NES,Target Renegade,Action & Adventure
12467,NES,Tecmo Baseball,Baseball
9929,NES,Tecmo Bowl,Football
9930,NES,Tecmo Cup Soccer,Soccer
9931,NES,Tecmo NBA Basketball,Basketball
9934,NES,Tecmo Super Bowl,Football
9938,NES,Tecmo World Wrestling,Wrestling
9941,NES,Teenage Mutant Ninja Turtles,Action & Adventure
12468,NES,Teenage Mutant Ninja Turtles II,Action & Adventure
9942,NES,Teenage Mutant Ninja Turtles III The Manhattan Project,Action & Adventure
9944,NES,Teenage Mutant Ninja Turtles Tournament Fighters,Fighting
12011,NES,Tennis,Sports
37982,NES,Tennis [5 Screw],Sports
9951,NES,Terminator,Action & Adventure
9953,NES,Terminator 2 Judgment Day,Action & Adventure
12469,NES,Terra Cresta,Action & Adventure
9964,NES,Tetris,Puzzle
9966,NES,Tetris 2,Puzzle
12595,NES,Tetris [Tengen],Puzzle
8471,NES,The Adventures of Rocky and Bullwinkle and Friends,Action & Adventure
12471,NES,The Goonies II,Action & Adventure
38040,NES,The Goonies II [5 Screw],Action & Adventure
12472,NES,The Guardian Legend,Action & Adventure
9990,NES,The Jungle Book,Action & Adventure
12474,NES,The Karate Kid,Action & Adventure
12475,NES,The Last Ninja,Action & Adventure
12477,NES,The Mafat Conspiracy,Action & Adventure
12478,NES,The Magic of Scheherazade,Action & Adventure
9997,NES,The Punisher,Action & Adventure
9648,NES,The Ren and Stimpy Show Buckeroos,Action & Adventure
9677,NES,The Rocketeer,Action & Adventure
12479,NES,The Simpsons Bart vs the Space Mutants,Action & Adventure
12197,NES,The Simpsons Bart vs the World,Action & Adventure
9751,NES,The Simpsons Bartman Meets Radioactive Man,Action & Adventure
12480,NES,The Three Stooges,Action & Adventure
12482,NES,The Uncanny X-Men,Action & Adventure
10096,NES,The Untouchables,Action & Adventure
12484,NES,Thunder and Lightning,Action & Adventure
12485,NES,Thunderbirds,Action & Adventure
12486,NES,Thundercade,Action & Adventure
12487,NES,Tiger-Heli,Other
38033,NES,Tiger-Heli [5 Screw],Action & Adventure
12488,NES,Tiles of Fate,Puzzle
12489,NES,Time Lord,Action & Adventure
10020,NES,Times of Lore,RPG
10021,NES,Tiny Toon Adventures,Action & Adventure
10022,NES,Tiny Toon Adventures 2 Trouble in Wackyland,Action & Adventure
10024,NES,Tiny Toon Adventures Cartoon Workshop,Action & Adventure
12490,NES,To the Earth,Action & Adventure
12491,NES,Toki,Action & Adventure
10035,NES,Tom and Jerry,Action & Adventure
12492,NES,Tombs and Treasure,Action & Adventure
12493,NES,Toobin',Action & Adventure
12494,NES,Top Gun,Action & Adventure
10052,NES,Top Gun The Second Mission,Other
38044,NES,Top Gun [5 Screw],Action & Adventure
13883,NES,Top Loading Nintendo NES Console,Systems
12495,NES,Top Players Tennis,Sports
10053,NES,Total Recall,Action & Adventure
12496,NES,Totally Rad,Racing
12497,NES,Touchdown Fever,Football
12483,NES,Town & Country II: Thrilla's Surfari,Action & Adventure
12461,NES,Town & Country Surf Designs: Wood and Water Rage,Sports
10056,NES,Toxic Crusaders,Action & Adventure
12498,NES,Track and Field,Sports
12499,NES,Track and Field II,Sports
38005,NES,Track and Field [5 Screw],Sports
10064,NES,Treasure Master,Action & Adventure
10068,NES,Trog,Action & Adventure
12500,NES,Trojan,Action & Adventure
38000,NES,Trojan [5 Screw],Action & Adventure
12501,NES,Trolls on Treasure Island,Action & Adventure
12502,NES,Twin Cobra,Action & Adventure
12503,NES,Twin Eagle,Action & Adventure
54274,NES,UForce,Controllers
12504,NES,Ultima Exodus,RPG
12505,NES,Ultima Quest of the Avatar,RPG
10080,NES,Ultima Warriors of Destiny,RPG
10081,NES,Ultimate Air Combat,Action & Adventure
12506,NES,Ultimate Basketball,Basketball
12507,NES,Ultimate League Soccer,Soccer
12481,NES,Ultimate Stuntman,Action & Adventure
10090,NES,Uncharted Waters,Strategy
10091,NES,Uninvited,Action & Adventure
12012,NES,Urban Champion,Action & Adventure
37989,NES,Urban Champion [5 Screw],Action & Adventure
12508,NES,Vegas Dream,Other
12509,NES,Venice Beach Volleyball,Sports
12510,NES,Vice Project Doom,Action & Adventure
10105,NES,Videomation,Other
12511,NES,Vindicators,Action & Adventure
12013,NES,Volleyball,Sports
38003,NES,Volleyball [5 Screw],Sports
12512,NES,WCW World Championship Wrestling,Wrestling
10214,NES,WWF King of the Ring,Wrestling
10221,NES,WWF Wrestlemania,Wrestling
13833,NES,WWF Wrestlemania Challenge,Wrestling
10218,NES,WWF Wrestlemania Steel Cage Challenge,Wrestling
10132,NES,Wacky Races,Racing
10133,NES,Wall Street Kid,Strategy
12513,NES,Wally Bear and the No Gang,Action & Adventure
10138,NES,Wario's Woods,Puzzle
12514,NES,Wayne Gretzky Hockey,Sports
10146,NES,Wayne's World,Action & Adventure
12515,NES,Werewolf,Action & Adventure
12517,NES,Wheel of Fortune,Other
12516,NES,Wheel of Fortune Family Edition,Other
10149,NES,Wheel of Fortune Featuring Vanna White,Other
12518,NES,Wheel of Fortune Junior Edition,Other
10152,NES,Where in Time is Carmen Sandiego,Action & Adventure
12519,NES,Where's Waldo,Other
12520,NES,Who Framed Roger Rabbit,Action & Adventure
12521,NES,Whomp 'Em,Action & Adventure
10154,NES,Widget,Action & Adventure
12522,NES,Wild Gunman,Other
37974,NES,Wild Gunman [5 Screw],Action & Adventure
12523,NES,Willow,Action & Adventure
12524,NES,Win Lose or Draw,Other
12525,NES,Winter Games,Sports
38034,NES,Winter Games [5 Screw],Sports
10166,NES,Wizardry: Knight of Diamonds Second Scenario,RPG
19592,NES,Wizardry: Proving Grounds of the Mad Overlord,RPG
12528,NES,Wizards and Warriors,RPG
10167,NES,Wizards and Warriors III Kuros Visions of Power,Action & Adventure
38046,NES,Wizards and Warriors [5 Screw],Action & Adventure
10169,NES,Wolverine,Action & Adventure
10172,NES,World Champ,Sports
12530,NES,World Class Track Meet,Sports
12532,NES,World Games,Sports
12533,NES,Wrath of the Black Manta,Action & Adventure
12014,NES,Wrecking Crew,Action & Adventure
37975,NES,Wrecking Crew [5 Screw],Action & Adventure
10208,NES,Wurm Journey to the Center of the Earth,Action & Adventure
12534,NES,Xenophobe,Action & Adventure
12015,NES,Xevious,Action & Adventure
12535,NES,Xexyz,Action & Adventure
12536,NES,Yo Noid,Action & Adventure
10228,NES,Yoshi,Puzzle
10229,NES,Yoshi's Cookie,Puzzle
10230,NES,Young Indiana Jones Chronicles,Action & Adventure
12016,NES,Zanac,Action & Adventure
38038,NES,Zanac [5 Screw],Action & Adventure
13716,NES,Zapper Light Gun,Controllers
10234,NES,Zelda II The Adventure of Link,RPG
38510,NES,Zelda II The Adventure of Link [Gray Cart],Action & Adventure
20786,NES,Zelda Test Cartridge,Other
10236,NES,Zen Intergalactic Ninja,Action & Adventure
10239,NES,Zombie Nation,Other
